ADANIENSOL | 2014-03 | ROCE_ANOMALY | computed=0.00% source=9.00% diff=9.00pp | category=version difference
ADANIENSOL | 2014-03 | ROE_ANOMALY | computed=0.00% source=8.59% diff=8.59pp | category=data source issue (source value likely stale/mis-scaled; ratio engine value used for analytics)
ADANIENSOL | 2015-03 | ROCE_ANOMALY | computed=0.96% source=9.00% diff=8.04pp | category=version difference
ADANIENSOL | 2015-03 | ROE_ANOMALY | computed=-0.65% source=8.59% diff=9.24pp | category=data source issue (source value likely stale/mis-scaled; ratio engine value used for analytics)
ADANIENSOL | 2016-03 | ROCE_ANOMALY | computed=17.74% source=9.00% diff=8.74pp | category=version difference
ADANIENSOL | 2016-03 | ROE_ANOMALY | computed=13.77% source=8.59% diff=5.18pp | category=data source issue (source value likely stale/mis-scaled; ratio engine value used for analytics)
ADANIENSOL | 2017-03 | ROCE_ANOMALY | computed=16.82% source=9.00% diff=7.82pp | category=version difference
ADANIENSOL | 2017-03 | ROE_ANOMALY | computed=14.12% source=8.59% diff=5.53pp | category=data source issue (source value likely stale/mis-scaled; ratio engine value used for analytics)
ADANIENSOL | 2018-03 | ROCE_ANOMALY | computed=17.82% source=9.00% diff=8.82pp | category=version difference
ADANIENSOL | 2018-03 | ROE_ANOMALY | computed=18.87% source=8.59% diff=10.28pp | category=data source issue (source value likely stale/mis-scaled; ratio engine value used for analytics)
ADANIENSOL | 2021-03 | ROCE_ANOMALY | computed=14.06% source=9.00% diff=5.06pp | category=version difference
ADANIENSOL | 2021-03 | ROE_ANOMALY | computed=14.46% source=8.59% diff=5.87pp | category=data source issue (source value likely stale/mis-scaled; ratio engine value used for analytics)
ADANIENSOL | 2024-03 | OPM_MISMATCH | computed=34.39% reported=30.00% | category=formula discrepancy
ADANIENT | 2013-03 | ROE_ANOMALY | computed=5.69% source=13.64% diff=7.95pp | category=data source issue (source value likely stale/mis-scaled; ratio engine value used for analytics)
ADANIENT | 2016-03 | ROE_ANOMALY | computed=7.47% source=13.64% diff=6.17pp | category=data source issue (source value likely stale/mis-scaled; ratio engine value used for analytics)
ADANIENT | 2017-03 | ROE_ANOMALY | computed=6.54% source=13.64% diff=7.10pp | category=data source issue (source value likely stale/mis-scaled; ratio engine value used for analytics)
ADANIENT | 2018-03 | ROE_ANOMALY | computed=3.94% source=13.64% diff=9.70pp | category=data source issue (source value likely stale/mis-scaled; ratio engine value used for analytics)
ADANIENT | 2019-03 | ROE_ANOMALY | computed=3.43% source=13.64% diff=10.21pp | category=data source issue (source value likely stale/mis-scaled; ratio engine value used for analytics)
ADANIENT | 2020-03 | ROE_ANOMALY | computed=6.14% source=13.64% diff=7.50pp | category=data source issue (source value likely stale/mis-scaled; ratio engine value used for analytics)
ADANIENT | 2021-03 | ROE_ANOMALY | computed=6.10% source=13.64% diff=7.54pp | category=data source issue (source value likely stale/mis-scaled; ratio engine value used for analytics)
ADANIENT | 2022-03 | ROE_ANOMALY | computed=3.54% source=13.64% diff=10.10pp | category=data source issue (source value likely stale/mis-scaled; ratio engine value used for analytics)
ADANIENT | 2023-03 | ROE_ANOMALY | computed=7.33% source=13.64% diff=6.31pp | category=data source issue (source value likely stale/mis-scaled; ratio engine value used for analytics)
ADANIENT | 2024-03 | ROE_ANOMALY | computed=8.53% source=13.64% diff=5.11pp | category=data source issue (source value likely stale/mis-scaled; ratio engine value used for analytics)
ADANIGREEN | 2017-03 | ROCE_ANOMALY | computed=8.70% source=96.50% diff=87.80pp | category=version difference
ADANIGREEN | 2017-03 | ROE_ANOMALY | computed=-3.91% source=14.70% diff=18.61pp | category=data source issue (source value likely stale/mis-scaled; ratio engine value used for analytics)
ADANIGREEN | 2018-03 | ROCE_ANOMALY | computed=7.90% source=96.50% diff=88.60pp | category=version difference
ADANIGREEN | 2018-03 | ROE_ANOMALY | computed=-10.29% source=14.70% diff=24.99pp | category=data source issue (source value likely stale/mis-scaled; ratio engine value used for analytics)
ADANIGREEN | 2019-03 | ROCE_ANOMALY | computed=12.23% source=96.50% diff=84.27pp | category=version difference
ADANIGREEN | 2019-03 | ROE_ANOMALY | computed=-24.57% source=14.70% diff=39.27pp | category=data source issue (source value likely stale/mis-scaled; ratio engine value used for analytics)
ADANIGREEN | 2020-03 | ROCE_ANOMALY | computed=7.77% source=96.50% diff=88.73pp | category=version difference
ADANIGREEN | 2020-03 | ROE_ANOMALY | computed=-2.89% source=14.70% diff=17.59pp | category=data source issue (source value likely stale/mis-scaled; ratio engine value used for analytics)
ADANIGREEN | 2021-03 | ROCE_ANOMALY | computed=9.97% source=96.50% diff=86.53pp | category=version difference
ADANIGREEN | 2021-03 | ROE_ANOMALY | computed=8.27% source=14.70% diff=6.43pp | category=data source issue (source value likely stale/mis-scaled; ratio engine value used for analytics)
ADANIGREEN | 2022-03 | ROCE_ANOMALY | computed=7.25% source=96.50% diff=89.25pp | category=version difference
ADANIGREEN | 2023-03 | ROCE_ANOMALY | computed=9.16% source=96.50% diff=87.34pp | category=version difference
ADANIGREEN | 2024-03 | ROCE_ANOMALY | computed=11.49% source=96.50% diff=85.01pp | category=version difference
ADANIPORTS | 2013-03 | ROE_ANOMALY | computed=25.63% source=18.10% diff=7.53pp | category=data source issue (source value likely stale/mis-scaled; ratio engine value used for analytics)
ADANIPORTS | 2018-03 | ROCE_ANOMALY | computed=18.49% source=12.90% diff=5.59pp | category=version difference
ADANIPORTS | 2022-03 | ROE_ANOMALY | computed=11.84% source=18.10% diff=6.26pp | category=data source issue (source value likely stale/mis-scaled; ratio engine value used for analytics)
ADANIPORTS | 2023-03 | ROE_ANOMALY | computed=11.88% source=18.10% diff=6.22pp | category=data source issue (source value likely stale/mis-scaled; ratio engine value used for analytics)
ADANIPOWER | 2013-03 | ROCE_ANOMALY | computed=2.55% source=32.20% diff=29.65pp | category=version difference
ADANIPOWER | 2013-03 | ROE_ANOMALY | computed=-53.46% source=57.10% diff=110.56pp | category=data source issue (source value likely stale/mis-scaled; ratio engine value used for analytics)
ADANIPOWER | 2014-03 | ROCE_ANOMALY | computed=9.33% source=32.20% diff=22.87pp | category=version difference
ADANIPOWER | 2014-03 | ROE_ANOMALY | computed=-4.45% source=57.10% diff=61.55pp | category=data source issue (source value likely stale/mis-scaled; ratio engine value used for analytics)
ADANIPOWER | 2015-03 | ROCE_ANOMALY | computed=11.62% source=32.20% diff=20.58pp | category=version difference
ADANIPOWER | 2015-03 | ROE_ANOMALY | computed=-14.25% source=57.10% diff=71.35pp | category=data source issue (source value likely stale/mis-scaled; ratio engine value used for analytics)
ADANIPOWER | 2016-03 | ROCE_ANOMALY | computed=14.29% source=32.20% diff=17.91pp | category=version difference
ADANIPOWER | 2016-03 | ROE_ANOMALY | computed=7.38% source=57.10% diff=49.72pp | category=data source issue (source value likely stale/mis-scaled; ratio engine value used for analytics)
ADANIPOWER | 2017-03 | ROCE_ANOMALY | computed=4.17% source=32.20% diff=28.03pp | category=version difference
ADANIPOWER | 2017-03 | ROE_ANOMALY | computed=-205.80% source=57.10% diff=262.90pp | category=data source issue (source value likely stale/mis-scaled; ratio engine value used for analytics)
ADANIPOWER | 2018-03 | ROCE_ANOMALY | computed=11.52% source=32.20% diff=20.68pp | category=version difference
ADANIPOWER | 2018-03 | ROE_ANOMALY | computed=-236.56% source=57.10% diff=293.66pp | category=data source issue (source value likely stale/mis-scaled; ratio engine value used for analytics)
ADANIPOWER | 2019-03 | ROCE_ANOMALY | computed=13.59% source=32.20% diff=18.61pp | category=version difference
ADANIPOWER | 2019-03 | ROE_ANOMALY | computed=-12.76% source=57.10% diff=69.86pp | category=data source issue (source value likely stale/mis-scaled; ratio engine value used for analytics)
ADANIPOWER | 2020-03 | ROCE_ANOMALY | computed=9.82% source=32.20% diff=22.38pp | category=version difference
ADANIPOWER | 2020-03 | ROE_ANOMALY | computed=-35.10% source=57.10% diff=92.20pp | category=data source issue (source value likely stale/mis-scaled; ratio engine value used for analytics)
ADANIPOWER | 2021-03 | ROCE_ANOMALY | computed=16.15% source=32.20% diff=16.05pp | category=version difference
ADANIPOWER | 2021-03 | ROE_ANOMALY | computed=9.69% source=57.10% diff=47.41pp | category=data source issue (source value likely stale/mis-scaled; ratio engine value used for analytics)
ADANIPOWER | 2022-03 | ROCE_ANOMALY | computed=20.40% source=32.20% diff=11.80pp | category=version difference
ADANIPOWER | 2022-03 | ROE_ANOMALY | computed=26.61% source=57.10% diff=30.49pp | category=data source issue (source value likely stale/mis-scaled; ratio engine value used for analytics)
ADANIPOWER | 2023-03 | ROCE_ANOMALY | computed=19.82% source=32.20% diff=12.38pp | category=version difference
ADANIPOWER | 2023-03 | ROE_ANOMALY | computed=35.91% source=57.10% diff=21.19pp | category=data source issue (source value likely stale/mis-scaled; ratio engine value used for analytics)
ADANIPOWER | 2024-03 | ROE_ANOMALY | computed=48.28% source=57.10% diff=8.82pp | category=data source issue (source value likely stale/mis-scaled; ratio engine value used for analytics)
AMBUJACEM | 2012-12 | ROCE_ANOMALY | computed=28.70% source=12.80% diff=15.90pp | category=version difference
AMBUJACEM | 2012-12 | ROE_ANOMALY | computed=14.69% source=9.24% diff=5.45pp | category=data source issue (source value likely stale/mis-scaled; ratio engine value used for analytics)
AMBUJACEM | 2013-12 | ROCE_ANOMALY | computed=21.65% source=12.80% diff=8.85pp | category=version difference
AMBUJACEM | 2014-12 | ROCE_ANOMALY | computed=23.29% source=12.80% diff=10.49pp | category=version difference
AMBUJACEM | 2014-12 | ROE_ANOMALY | computed=14.77% source=9.24% diff=5.53pp | category=data source issue (source value likely stale/mis-scaled; ratio engine value used for analytics)
AMBUJACEM | 2015-12 | ROCE_ANOMALY | computed=18.39% source=12.80% diff=5.59pp | category=version difference
AMBUJACEM | 2016-12 | ROCE_ANOMALY | computed=18.25% source=12.80% diff=5.45pp | category=version difference
AMBUJACEM | 2017-12 | ROCE_ANOMALY | computed=20.26% source=12.80% diff=7.46pp | category=version difference
AMBUJACEM | 2018-12 | ROCE_ANOMALY | computed=18.93% source=12.80% diff=6.13pp | category=version difference
AMBUJACEM | 2019-12 | ROCE_ANOMALY | computed=21.55% source=12.80% diff=8.75pp | category=version difference
AMBUJACEM | 2020-12 | ROCE_ANOMALY | computed=22.79% source=12.80% diff=9.99pp | category=version difference
AMBUJACEM | 2021-12 | ROCE_ANOMALY | computed=25.02% source=12.80% diff=12.22pp | category=version difference
AMBUJACEM | 2021-12 | ROE_ANOMALY | computed=14.64% source=9.24% diff=5.40pp | category=data source issue (source value likely stale/mis-scaled; ratio engine value used for analytics)
AMBUJACEM | 2024-03 | ROCE_ANOMALY | computed=18.51% source=12.80% diff=5.71pp | category=version difference
APOLLOHOSP | 2016-03 | ROE_ANOMALY | computed=7.05% source=13.81% diff=6.76pp | category=data source issue (source value likely stale/mis-scaled; ratio engine value used for analytics)
APOLLOHOSP | 2017-03 | ROE_ANOMALY | computed=3.95% source=13.81% diff=9.86pp | category=data source issue (source value likely stale/mis-scaled; ratio engine value used for analytics)
APOLLOHOSP | 2018-03 | ROE_ANOMALY | computed=1.85% source=13.81% diff=11.96pp | category=data source issue (source value likely stale/mis-scaled; ratio engine value used for analytics)
APOLLOHOSP | 2019-03 | ROE_ANOMALY | computed=6.00% source=13.81% diff=7.81pp | category=data source issue (source value likely stale/mis-scaled; ratio engine value used for analytics)
APOLLOHOSP | 2020-03 | ROCE_ANOMALY | computed=26.14% source=17.20% diff=8.94pp | category=version difference
APOLLOHOSP | 2021-03 | ROE_ANOMALY | computed=2.98% source=13.81% diff=10.83pp | category=data source issue (source value likely stale/mis-scaled; ratio engine value used for analytics)
APOLLOHOSP | 2022-03 | ROCE_ANOMALY | computed=26.39% source=17.20% diff=9.19pp | category=version difference
APOLLOHOSP | 2022-03 | ROE_ANOMALY | computed=19.70% source=13.81% diff=5.89pp | category=data source issue (source value likely stale/mis-scaled; ratio engine value used for analytics)
ASIANPAINT | 2013-03 | ROCE_ANOMALY | computed=50.92% source=41.75% diff=9.17pp | category=version difference
ASIANPAINT | 2014-03 | ROCE_ANOMALY | computed=49.63% source=41.75% diff=7.88pp | category=version difference
ASIANPAINT | 2018-03 | ROE_ANOMALY | computed=24.95% source=31.45% diff=6.50pp | category=data source issue (source value likely stale/mis-scaled; ratio engine value used for analytics)
ASIANPAINT | 2019-03 | ROE_ANOMALY | computed=23.31% source=31.45% diff=8.14pp | category=data source issue (source value likely stale/mis-scaled; ratio engine value used for analytics)
ASIANPAINT | 2021-03 | ROE_ANOMALY | computed=25.04% source=31.45% diff=6.41pp | category=data source issue (source value likely stale/mis-scaled; ratio engine value used for analytics)
ASIANPAINT | 2022-03 | ROCE_ANOMALY | computed=33.12% source=41.75% diff=8.63pp | category=version difference
ASIANPAINT | 2022-03 | ROE_ANOMALY | computed=22.34% source=31.45% diff=9.11pp | category=data source issue (source value likely stale/mis-scaled; ratio engine value used for analytics)
ASIANPAINT | 2023-03 | ROE_ANOMALY | computed=26.23% source=31.45% diff=5.22pp | category=data source issue (source value likely stale/mis-scaled; ratio engine value used for analytics)
ATGL | 2019-03 | ROCE_ANOMALY | computed=34.36% source=21.20% diff=13.16pp | category=version difference
ATGL | 2020-03 | ROCE_ANOMALY | computed=33.65% source=21.20% diff=12.45pp | category=version difference
ATGL | 2020-03 | ROE_ANOMALY | computed=29.64% source=20.50% diff=9.14pp | category=data source issue (source value likely stale/mis-scaled; ratio engine value used for analytics)
ATGL | 2021-03 | ROCE_ANOMALY | computed=29.80% source=21.20% diff=8.60pp | category=version difference
BAJAJ-AUTO | 2013-03 | ROCE_ANOMALY | computed=54.35% source=33.50% diff=20.85pp | category=version difference
BAJAJ-AUTO | 2013-03 | ROE_ANOMALY | computed=38.85% source=26.50% diff=12.35pp | category=data source issue (source value likely stale/mis-scaled; ratio engine value used for analytics)
BAJAJ-AUTO | 2014-03 | ROCE_ANOMALY | computed=47.30% source=33.50% diff=13.80pp | category=version difference
BAJAJ-AUTO | 2014-03 | ROE_ANOMALY | computed=33.24% source=26.50% diff=6.74pp | category=data source issue (source value likely stale/mis-scaled; ratio engine value used for analytics)
BAJAJ-AUTO | 2015-03 | ROCE_ANOMALY | computed=38.87% source=33.50% diff=5.37pp | category=version difference
BAJAJ-AUTO | 2016-03 | ROCE_ANOMALY | computed=42.35% source=33.50% diff=8.85pp | category=version difference
BAJAJ-AUTO | 2018-03 | ROE_ANOMALY | computed=20.66% source=26.50% diff=5.84pp | category=data source issue (source value likely stale/mis-scaled; ratio engine value used for analytics)
BAJAJ-AUTO | 2019-03 | ROE_ANOMALY | computed=21.21% source=26.50% diff=5.29pp | category=data source issue (source value likely stale/mis-scaled; ratio engine value used for analytics)
BAJAJ-AUTO | 2021-03 | ROCE_ANOMALY | computed=23.76% source=33.50% diff=9.74pp | category=version difference
BAJAJ-AUTO | 2021-03 | ROE_ANOMALY | computed=17.81% source=26.50% diff=8.69pp | category=data source issue (source value likely stale/mis-scaled; ratio engine value used for analytics)
BAJAJ-AUTO | 2022-03 | ROCE_ANOMALY | computed=26.45% source=33.50% diff=7.05pp | category=version difference
BAJAJ-AUTO | 2022-03 | ROE_ANOMALY | computed=20.65% source=26.50% diff=5.85pp | category=data source issue (source value likely stale/mis-scaled; ratio engine value used for analytics)
BAJAJ-AUTO | 2023-03 | ROCE_ANOMALY | computed=27.70% source=33.50% diff=5.80pp | category=version difference
BAJAJ-AUTO | 2023-03 | ROE_ANOMALY | computed=20.64% source=26.50% diff=5.86pp | category=data source issue (source value likely stale/mis-scaled; ratio engine value used for analytics)
AXISBANK | 2013-03 | OPM_MISMATCH | computed=30.58% reported=1353.00% | category=formula discrepancy
AXISBANK | 2013-03 | FINANCIALS_SECTOR_CARVEOUT | high_leverage_flag suppressed (structurally normal for banks/NBFCs/insurance) | category=data source issue
AXISBANK | 2014-03 | OPM_MISMATCH | computed=31.47% reported=2307.00% | category=formula discrepancy
AXISBANK | 2014-03 | FINANCIALS_SECTOR_CARVEOUT | high_leverage_flag suppressed (structurally normal for banks/NBFCs/insurance) | category=data source issue
AXISBANK | 2015-03 | OPM_MISMATCH | computed=31.36% reported=3097.00% | category=formula discrepancy
AXISBANK | 2015-03 | FINANCIALS_SECTOR_CARVEOUT | high_leverage_flag suppressed (structurally normal for banks/NBFCs/insurance) | category=data source issue
AXISBANK | 2016-03 | OPM_MISMATCH | computed=32.61% reported=3466.00% | category=formula discrepancy
AXISBANK | 2016-03 | FINANCIALS_SECTOR_CARVEOUT | high_leverage_flag suppressed (structurally normal for banks/NBFCs/insurance) | category=data source issue
AXISBANK | 2017-03 | OPM_MISMATCH | computed=53.45% reported=-5715.00% | category=formula discrepancy
AXISBANK | 2017-03 | FINANCIALS_SECTOR_CARVEOUT | high_leverage_flag suppressed (structurally normal for banks/NBFCs/insurance) | category=data source issue
AXISBANK | 2017-03 | ROE_ANOMALY | computed=6.53% source=18.40% diff=11.87pp | category=data source issue (source value likely stale/mis-scaled; ratio engine value used for analytics)
AXISBANK | 2018-03 | OPM_MISMATCH | computed=63.12% reported=-10277.00% | category=formula discrepancy
AXISBANK | 2018-03 | FINANCIALS_SECTOR_CARVEOUT | high_leverage_flag suppressed (structurally normal for banks/NBFCs/insurance) | category=data source issue
AXISBANK | 2018-03 | ROE_ANOMALY | computed=0.43% source=18.40% diff=17.97pp | category=data source issue (source value likely stale/mis-scaled; ratio engine value used for analytics)
AXISBANK | 2019-03 | OPM_MISMATCH | computed=49.39% reported=-5447.00% | category=formula discrepancy
AXISBANK | 2019-03 | FINANCIALS_SECTOR_CARVEOUT | high_leverage_flag suppressed (structurally normal for banks/NBFCs/insurance) | category=data source issue
AXISBANK | 2019-03 | ROE_ANOMALY | computed=6.90% source=18.40% diff=11.50pp | category=data source issue (source value likely stale/mis-scaled; ratio engine value used for analytics)
AXISBANK | 2020-03 | OPM_MISMATCH | computed=55.98% reported=-9859.00% | category=formula discrepancy
AXISBANK | 2020-03 | FINANCIALS_SECTOR_CARVEOUT | high_leverage_flag suppressed (structurally normal for banks/NBFCs/insurance) | category=data source issue
AXISBANK | 2020-03 | ROE_ANOMALY | computed=1.88% source=18.40% diff=16.52pp | category=data source issue (source value likely stale/mis-scaled; ratio engine value used for analytics)
AXISBANK | 2021-03 | OPM_MISMATCH | computed=50.12% reported=-2510.00% | category=formula discrepancy
AXISBANK | 2021-03 | FINANCIALS_SECTOR_CARVEOUT | high_leverage_flag suppressed (structurally normal for banks/NBFCs/insurance) | category=data source issue
AXISBANK | 2021-03 | ROE_ANOMALY | computed=6.36% source=18.40% diff=12.04pp | category=data source issue (source value likely stale/mis-scaled; ratio engine value used for analytics)
AXISBANK | 2022-03 | OPM_MISMATCH | computed=44.47% reported=3170.00% | category=formula discrepancy
AXISBANK | 2022-03 | FINANCIALS_SECTOR_CARVEOUT | high_leverage_flag suppressed (structurally normal for banks/NBFCs/insurance) | category=data source issue
AXISBANK | 2022-03 | ROE_ANOMALY | computed=11.01% source=18.40% diff=7.39pp | category=data source issue (source value likely stale/mis-scaled; ratio engine value used for analytics)
AXISBANK | 2023-03 | OPM_MISMATCH | computed=34.16% reported=13857.00% | category=formula discrepancy
AXISBANK | 2023-03 | FINANCIALS_SECTOR_CARVEOUT | high_leverage_flag suppressed (structurally normal for banks/NBFCs/insurance) | category=data source issue
AXISBANK | 2023-03 | ROE_ANOMALY | computed=7.38% source=18.40% diff=11.02pp | category=data source issue (source value likely stale/mis-scaled; ratio engine value used for analytics)
AXISBANK | 2024-03 | OPM_MISMATCH | computed=34.69% reported=11952.00% | category=formula discrepancy
AXISBANK | 2024-03 | FINANCIALS_SECTOR_CARVEOUT | high_leverage_flag suppressed (structurally normal for banks/NBFCs/insurance) | category=data source issue
BAJAJFINSV | 2013-03 | FINANCIALS_SECTOR_CARVEOUT | high_leverage_flag suppressed (structurally normal for banks/NBFCs/insurance) | category=data source issue
BAJAJFINSV | 2013-03 | ROE_ANOMALY | computed=28.38% source=11.72% diff=16.66pp | category=data source issue (source value likely stale/mis-scaled; ratio engine value used for analytics)
BAJAJFINSV | 2014-03 | FINANCIALS_SECTOR_CARVEOUT | high_leverage_flag suppressed (structurally normal for banks/NBFCs/insurance) | category=data source issue
BAJAJFINSV | 2014-03 | ROCE_ANOMALY | computed=15.59% source=21.14% diff=5.55pp | category=version difference
BAJAJFINSV | 2014-03 | ROE_ANOMALY | computed=23.53% source=11.72% diff=11.81pp | category=data source issue (source value likely stale/mis-scaled; ratio engine value used for analytics)
BAJAJFINSV | 2015-03 | FINANCIALS_SECTOR_CARVEOUT | high_leverage_flag suppressed (structurally normal for banks/NBFCs/insurance) | category=data source issue
BAJAJFINSV | 2015-03 | ROCE_ANOMALY | computed=14.76% source=21.14% diff=6.38pp | category=version difference
BAJAJFINSV | 2015-03 | ROE_ANOMALY | computed=21.72% source=11.72% diff=10.00pp | category=data source issue (source value likely stale/mis-scaled; ratio engine value used for analytics)
BAJAJFINSV | 2016-03 | FINANCIALS_SECTOR_CARVEOUT | high_leverage_flag suppressed (structurally normal for banks/NBFCs/insurance) | category=data source issue
BAJAJFINSV | 2016-03 | ROCE_ANOMALY | computed=13.57% source=21.14% diff=7.57pp | category=version difference
BAJAJFINSV | 2016-03 | ROE_ANOMALY | computed=20.41% source=11.72% diff=8.69pp | category=data source issue (source value likely stale/mis-scaled; ratio engine value used for analytics)
BAJAJFINSV | 2017-03 | FINANCIALS_SECTOR_CARVEOUT | high_leverage_flag suppressed (structurally normal for banks/NBFCs/insurance) | category=data source issue
BAJAJFINSV | 2017-03 | ROCE_ANOMALY | computed=13.52% source=21.14% diff=7.62pp | category=version difference
BAJAJFINSV | 2017-03 | ROE_ANOMALY | computed=21.36% source=11.72% diff=9.64pp | category=data source issue (source value likely stale/mis-scaled; ratio engine value used for analytics)
BAJAJFINSV | 2018-03 | FINANCIALS_SECTOR_CARVEOUT | high_leverage_flag suppressed (structurally normal for banks/NBFCs/insurance) | category=data source issue
BAJAJFINSV | 2018-03 | ROCE_ANOMALY | computed=12.52% source=21.14% diff=8.62pp | category=version difference
BAJAJFINSV | 2018-03 | ROE_ANOMALY | computed=20.39% source=11.72% diff=8.67pp | category=data source issue (source value likely stale/mis-scaled; ratio engine value used for analytics)
BAJAJFINSV | 2019-03 | FINANCIALS_SECTOR_CARVEOUT | high_leverage_flag suppressed (structurally normal for banks/NBFCs/insurance) | category=data source issue
BAJAJFINSV | 2019-03 | ROCE_ANOMALY | computed=12.18% source=21.14% diff=8.96pp | category=version difference
BAJAJFINSV | 2019-03 | ROE_ANOMALY | computed=22.64% source=11.72% diff=10.92pp | category=data source issue (source value likely stale/mis-scaled; ratio engine value used for analytics)
BAJAJFINSV | 2020-03 | FINANCIALS_SECTOR_CARVEOUT | high_leverage_flag suppressed (structurally normal for banks/NBFCs/insurance) | category=data source issue
BAJAJFINSV | 2020-03 | ROCE_ANOMALY | computed=11.52% source=21.14% diff=9.62pp | category=version difference
BAJAJFINSV | 2020-03 | ROE_ANOMALY | computed=19.15% source=11.72% diff=7.43pp | category=data source issue (source value likely stale/mis-scaled; ratio engine value used for analytics)
BAJAJFINSV | 2021-03 | FINANCIALS_SECTOR_CARVEOUT | high_leverage_flag suppressed (structurally normal for banks/NBFCs/insurance) | category=data source issue
BAJAJFINSV | 2021-03 | ROCE_ANOMALY | computed=11.95% source=21.14% diff=9.19pp | category=version difference
BAJAJFINSV | 2021-03 | ROE_ANOMALY | computed=20.56% source=11.72% diff=8.84pp | category=data source issue (source value likely stale/mis-scaled; ratio engine value used for analytics)
BAJAJFINSV | 2022-03 | FINANCIALS_SECTOR_CARVEOUT | high_leverage_flag suppressed (structurally normal for banks/NBFCs/insurance) | category=data source issue
BAJAJFINSV | 2022-03 | ROCE_ANOMALY | computed=10.66% source=21.14% diff=10.48pp | category=version difference
BAJAJFINSV | 2022-03 | ROE_ANOMALY | computed=20.66% source=11.72% diff=8.94pp | category=data source issue (source value likely stale/mis-scaled; ratio engine value used for analytics)
BAJAJFINSV | 2023-03 | FINANCIALS_SECTOR_CARVEOUT | high_leverage_flag suppressed (structurally normal for banks/NBFCs/insurance) | category=data source issue
BAJAJFINSV | 2023-03 | ROCE_ANOMALY | computed=11.55% source=21.14% diff=9.59pp | category=version difference
BAJAJFINSV | 2023-03 | ROE_ANOMALY | computed=26.31% source=11.72% diff=14.59pp | category=data source issue (source value likely stale/mis-scaled; ratio engine value used for analytics)
BAJAJFINSV | 2024-03 | FINANCIALS_SECTOR_CARVEOUT | high_leverage_flag suppressed (structurally normal for banks/NBFCs/insurance) | category=data source issue
BAJAJFINSV | 2024-03 | ROCE_ANOMALY | computed=11.71% source=21.14% diff=9.43pp | category=version difference
BAJAJFINSV | 2024-03 | ROE_ANOMALY | computed=25.85% source=11.72% diff=14.13pp | category=data source issue (source value likely stale/mis-scaled; ratio engine value used for analytics)
BAJAJHLDNG | 2013-03 | FINANCIALS_SECTOR_CARVEOUT | high_leverage_flag suppressed (structurally normal for banks/NBFCs/insurance) | category=data source issue
BAJAJHLDNG | 2013-03 | ROCE_ANOMALY | computed=3.14% source=13.10% diff=9.96pp | category=version difference
BAJAJHLDNG | 2014-03 | FINANCIALS_SECTOR_CARVEOUT | high_leverage_flag suppressed (structurally normal for banks/NBFCs/insurance) | category=data source issue
BAJAJHLDNG | 2014-03 | ROCE_ANOMALY | computed=3.38% source=13.10% diff=9.72pp | category=version difference
BAJAJHLDNG | 2015-03 | FINANCIALS_SECTOR_CARVEOUT | high_leverage_flag suppressed (structurally normal for banks/NBFCs/insurance) | category=data source issue
BAJAJHLDNG | 2015-03 | ROCE_ANOMALY | computed=3.88% source=13.10% diff=9.22pp | category=version difference
BAJAJHLDNG | 2016-03 | FINANCIALS_SECTOR_CARVEOUT | high_leverage_flag suppressed (structurally normal for banks/NBFCs/insurance) | category=data source issue
BAJAJHLDNG | 2016-03 | ROCE_ANOMALY | computed=2.85% source=13.10% diff=10.25pp | category=version difference
BAJAJHLDNG | 2017-03 | FINANCIALS_SECTOR_CARVEOUT | high_leverage_flag suppressed (structurally normal for banks/NBFCs/insurance) | category=data source issue
BAJAJHLDNG | 2017-03 | ROCE_ANOMALY | computed=3.57% source=13.10% diff=9.53pp | category=version difference
BAJAJHLDNG | 2018-03 | FINANCIALS_SECTOR_CARVEOUT | high_leverage_flag suppressed (structurally normal for banks/NBFCs/insurance) | category=data source issue
BAJAJHLDNG | 2019-03 | FINANCIALS_SECTOR_CARVEOUT | high_leverage_flag suppressed (structurally normal for banks/NBFCs/insurance) | category=data source issue
BAJAJHLDNG | 2020-03 | FINANCIALS_SECTOR_CARVEOUT | high_leverage_flag suppressed (structurally normal for banks/NBFCs/insurance) | category=data source issue
BAJAJHLDNG | 2021-03 | FINANCIALS_SECTOR_CARVEOUT | high_leverage_flag suppressed (structurally normal for banks/NBFCs/insurance) | category=data source issue
BAJAJHLDNG | 2022-03 | FINANCIALS_SECTOR_CARVEOUT | high_leverage_flag suppressed (structurally normal for banks/NBFCs/insurance) | category=data source issue
BAJAJHLDNG | 2022-03 | ROE_ANOMALY | computed=9.63% source=14.80% diff=5.17pp | category=data source issue (source value likely stale/mis-scaled; ratio engine value used for analytics)
BAJAJHLDNG | 2023-03 | FINANCIALS_SECTOR_CARVEOUT | high_leverage_flag suppressed (structurally normal for banks/NBFCs/insurance) | category=data source issue
BAJAJHLDNG | 2024-03 | FINANCIALS_SECTOR_CARVEOUT | high_leverage_flag suppressed (structurally normal for banks/NBFCs/insurance) | category=data source issue
BAJFINANCE | 2015-03 | OPM_MISMATCH | computed=32.49% reported=1367.00% | category=formula discrepancy
BAJFINANCE | 2015-03 | FINANCIALS_SECTOR_CARVEOUT | high_leverage_flag suppressed (structurally normal for banks/NBFCs/insurance) | category=data source issue
BAJFINANCE | 2015-03 | ROCE_ANOMALY | computed=5.65% source=11.90% diff=6.25pp | category=version difference
BAJFINANCE | 2016-03 | OPM_MISMATCH | computed=32.25% reported=1986.00% | category=formula discrepancy
BAJFINANCE | 2016-03 | FINANCIALS_SECTOR_CARVEOUT | high_leverage_flag suppressed (structurally normal for banks/NBFCs/insurance) | category=data source issue
BAJFINANCE | 2016-03 | ROCE_ANOMALY | computed=5.36% source=11.90% diff=6.54pp | category=version difference
BAJFINANCE | 2017-03 | OPM_MISMATCH | computed=32.60% reported=2867.00% | category=formula discrepancy
BAJFINANCE | 2017-03 | FINANCIALS_SECTOR_CARVEOUT | high_leverage_flag suppressed (structurally normal for banks/NBFCs/insurance) | category=data source issue
BAJFINANCE | 2017-03 | ROCE_ANOMALY | computed=5.57% source=11.90% diff=6.33pp | category=version difference
BAJFINANCE | 2018-03 | OPM_MISMATCH | computed=32.28% reported=3935.00% | category=formula discrepancy
BAJFINANCE | 2018-03 | FINANCIALS_SECTOR_CARVEOUT | high_leverage_flag suppressed (structurally normal for banks/NBFCs/insurance) | category=data source issue
BAJFINANCE | 2018-03 | ROCE_ANOMALY | computed=5.03% source=11.90% diff=6.87pp | category=version difference
BAJFINANCE | 2018-03 | ROE_ANOMALY | computed=15.75% source=22.10% diff=6.35pp | category=data source issue (source value likely stale/mis-scaled; ratio engine value used for analytics)
BAJFINANCE | 2019-03 | OPM_MISMATCH | computed=29.50% reported=6310.00% | category=formula discrepancy
BAJFINANCE | 2019-03 | FINANCIALS_SECTOR_CARVEOUT | high_leverage_flag suppressed (structurally normal for banks/NBFCs/insurance) | category=data source issue
BAJFINANCE | 2019-03 | ROCE_ANOMALY | computed=4.52% source=11.90% diff=7.38pp | category=version difference
BAJFINANCE | 2020-03 | OPM_MISMATCH | computed=34.73% reported=7608.00% | category=formula discrepancy
BAJFINANCE | 2020-03 | FINANCIALS_SECTOR_CARVEOUT | high_leverage_flag suppressed (structurally normal for banks/NBFCs/insurance) | category=data source issue
BAJFINANCE | 2020-03 | ROCE_ANOMALY | computed=5.67% source=11.90% diff=6.23pp | category=version difference
BAJFINANCE | 2020-03 | ROE_ANOMALY | computed=16.28% source=22.10% diff=5.82pp | category=data source issue (source value likely stale/mis-scaled; ratio engine value used for analytics)
BAJFINANCE | 2021-03 | OPM_MISMATCH | computed=40.64% reported=6314.00% | category=formula discrepancy
BAJFINANCE | 2021-03 | FINANCIALS_SECTOR_CARVEOUT | high_leverage_flag suppressed (structurally normal for banks/NBFCs/insurance) | category=data source issue
BAJFINANCE | 2021-03 | ROCE_ANOMALY | computed=6.44% source=11.90% diff=5.46pp | category=version difference
BAJFINANCE | 2021-03 | ROE_ANOMALY | computed=11.97% source=22.10% diff=10.13pp | category=data source issue (source value likely stale/mis-scaled; ratio engine value used for analytics)
BAJFINANCE | 2022-03 | OPM_MISMATCH | computed=37.55% reported=9906.00% | category=formula discrepancy
BAJFINANCE | 2022-03 | FINANCIALS_SECTOR_CARVEOUT | high_leverage_flag suppressed (structurally normal for banks/NBFCs/insurance) | category=data source issue
BAJFINANCE | 2022-03 | ROCE_ANOMALY | computed=5.70% source=11.90% diff=6.20pp | category=version difference
BAJFINANCE | 2022-03 | ROE_ANOMALY | computed=16.08% source=22.10% diff=6.02pp | category=data source issue (source value likely stale/mis-scaled; ratio engine value used for analytics)
BAJFINANCE | 2023-03 | OPM_MISMATCH | computed=30.65% reported=16018.00% | category=formula discrepancy
BAJFINANCE | 2023-03 | FINANCIALS_SECTOR_CARVEOUT | high_leverage_flag suppressed (structurally normal for banks/NBFCs/insurance) | category=data source issue
BAJFINANCE | 2023-03 | ROCE_ANOMALY | computed=4.70% source=11.90% diff=7.20pp | category=version difference
BAJFINANCE | 2024-03 | OPM_MISMATCH | computed=29.29% reported=19987.00% | category=formula discrepancy
BAJFINANCE | 2024-03 | FINANCIALS_SECTOR_CARVEOUT | high_leverage_flag suppressed (structurally normal for banks/NBFCs/insurance) | category=data source issue
BAJFINANCE | 2024-03 | ROCE_ANOMALY | computed=4.36% source=11.90% diff=7.54pp | category=version difference
BANKBARODA | 2013-03 | OPM_MISMATCH | computed=30.05% reported=1006.00% | category=formula discrepancy
BANKBARODA | 2013-03 | FINANCIALS_SECTOR_CARVEOUT | high_leverage_flag suppressed (structurally normal for banks/NBFCs/insurance) | category=data source issue
BANKBARODA | 2014-03 | OPM_MISMATCH | computed=29.78% reported=809.00% | category=formula discrepancy
BANKBARODA | 2014-03 | FINANCIALS_SECTOR_CARVEOUT | high_leverage_flag suppressed (structurally normal for banks/NBFCs/insurance) | category=data source issue
BANKBARODA | 2015-03 | OPM_MISMATCH | computed=29.98% reported=902.00% | category=formula discrepancy
BANKBARODA | 2015-03 | FINANCIALS_SECTOR_CARVEOUT | high_leverage_flag suppressed (structurally normal for banks/NBFCs/insurance) | category=data source issue
BANKBARODA | 2015-03 | ROE_ANOMALY | computed=9.40% source=16.70% diff=7.30pp | category=data source issue (source value likely stale/mis-scaled; ratio engine value used for analytics)
BANKBARODA | 2016-03 | OPM_MISMATCH | computed=55.44% reported=-11700.00% | category=formula discrepancy
BANKBARODA | 2016-03 | FINANCIALS_SECTOR_CARVEOUT | high_leverage_flag suppressed (structurally normal for banks/NBFCs/insurance) | category=data source issue
BANKBARODA | 2016-03 | ROE_ANOMALY | computed=-11.84% source=16.70% diff=28.54pp | category=data source issue (source value likely stale/mis-scaled; ratio engine value used for analytics)
BANKBARODA | 2017-03 | OPM_MISMATCH | computed=43.28% reported=-4372.00% | category=formula discrepancy
BANKBARODA | 2017-03 | FINANCIALS_SECTOR_CARVEOUT | high_leverage_flag suppressed (structurally normal for banks/NBFCs/insurance) | category=data source issue
BANKBARODA | 2017-03 | ROE_ANOMALY | computed=4.31% source=16.70% diff=12.39pp | category=data source issue (source value likely stale/mis-scaled; ratio engine value used for analytics)
BANKBARODA | 2018-03 | OPM_MISMATCH | computed=56.65% reported=-9197.00% | category=formula discrepancy
BANKBARODA | 2018-03 | FINANCIALS_SECTOR_CARVEOUT | high_leverage_flag suppressed (structurally normal for banks/NBFCs/insurance) | category=data source issue
BANKBARODA | 2018-03 | ROE_ANOMALY | computed=-3.94% source=16.70% diff=20.64pp | category=data source issue (source value likely stale/mis-scaled; ratio engine value used for analytics)
BANKBARODA | 2019-03 | OPM_MISMATCH | computed=48.79% reported=-5414.00% | category=formula discrepancy
BANKBARODA | 2019-03 | FINANCIALS_SECTOR_CARVEOUT | high_leverage_flag suppressed (structurally normal for banks/NBFCs/insurance) | category=data source issue
BANKBARODA | 2019-03 | ROE_ANOMALY | computed=2.12% source=16.70% diff=14.58pp | category=data source issue (source value likely stale/mis-scaled; ratio engine value used for analytics)
BANKBARODA | 2020-03 | OPM_MISMATCH | computed=51.44% reported=-11728.00% | category=formula discrepancy
BANKBARODA | 2020-03 | FINANCIALS_SECTOR_CARVEOUT | high_leverage_flag suppressed (structurally normal for banks/NBFCs/insurance) | category=data source issue
BANKBARODA | 2020-03 | ROE_ANOMALY | computed=1.29% source=16.70% diff=15.41pp | category=data source issue (source value likely stale/mis-scaled; ratio engine value used for analytics)
BANKBARODA | 2021-03 | OPM_MISMATCH | computed=51.23% reported=-6957.00% | category=formula discrepancy
BANKBARODA | 2021-03 | FINANCIALS_SECTOR_CARVEOUT | high_leverage_flag suppressed (structurally normal for banks/NBFCs/insurance) | category=data source issue
BANKBARODA | 2021-03 | ROE_ANOMALY | computed=1.97% source=16.70% diff=14.73pp | category=data source issue (source value likely stale/mis-scaled; ratio engine value used for analytics)
BANKBARODA | 2022-03 | OPM_MISMATCH | computed=51.12% reported=-2948.00% | category=formula discrepancy
BANKBARODA | 2022-03 | FINANCIALS_SECTOR_CARVEOUT | high_leverage_flag suppressed (structurally normal for banks/NBFCs/insurance) | category=data source issue
BANKBARODA | 2022-03 | ROE_ANOMALY | computed=8.64% source=16.70% diff=8.06pp | category=data source issue (source value likely stale/mis-scaled; ratio engine value used for analytics)
BANKBARODA | 2023-03 | OPM_MISMATCH | computed=40.45% reported=6329.00% | category=formula discrepancy
BANKBARODA | 2023-03 | FINANCIALS_SECTOR_CARVEOUT | high_leverage_flag suppressed (structurally normal for banks/NBFCs/insurance) | category=data source issue
BANKBARODA | 2024-03 | OPM_MISMATCH | computed=37.49% reported=4102.00% | category=formula discrepancy
BANKBARODA | 2024-03 | FINANCIALS_SECTOR_CARVEOUT | high_leverage_flag suppressed (structurally normal for banks/NBFCs/insurance) | category=data source issue
BHARTIARTL | 2013-03 | ROCE_ANOMALY | computed=20.60% source=13.10% diff=7.50pp | category=version difference
BHARTIARTL | 2013-03 | ROE_ANOMALY | computed=4.50% source=14.90% diff=10.40pp | category=data source issue (source value likely stale/mis-scaled; ratio engine value used for analytics)
BHARTIARTL | 2014-03 | ROCE_ANOMALY | computed=21.67% source=13.10% diff=8.57pp | category=version difference
BHARTIARTL | 2014-03 | ROE_ANOMALY | computed=5.05% source=14.90% diff=9.85pp | category=data source issue (source value likely stale/mis-scaled; ratio engine value used for analytics)
BHARTIARTL | 2015-03 | ROCE_ANOMALY | computed=28.29% source=13.10% diff=15.19pp | category=version difference
BHARTIARTL | 2016-03 | ROCE_ANOMALY | computed=23.20% source=13.10% diff=10.10pp | category=version difference
BHARTIARTL | 2017-03 | ROCE_ANOMALY | computed=21.20% source=13.10% diff=8.10pp | category=version difference
BHARTIARTL | 2017-03 | ROE_ANOMALY | computed=6.29% source=14.90% diff=8.61pp | category=data source issue (source value likely stale/mis-scaled; ratio engine value used for analytics)
BHARTIARTL | 2018-03 | ROE_ANOMALY | computed=3.14% source=14.90% diff=11.76pp | category=data source issue (source value likely stale/mis-scaled; ratio engine value used for analytics)
BHARTIARTL | 2019-03 | ROE_ANOMALY | computed=2.36% source=14.90% diff=12.54pp | category=data source issue (source value likely stale/mis-scaled; ratio engine value used for analytics)
BHARTIARTL | 2020-03 | ROCE_ANOMALY | computed=-0.52% source=13.10% diff=13.62pp | category=version difference
BHARTIARTL | 2020-03 | ROE_ANOMALY | computed=-39.75% source=14.90% diff=54.65pp | category=data source issue (source value likely stale/mis-scaled; ratio engine value used for analytics)
BHARTIARTL | 2021-03 | ROCE_ANOMALY | computed=18.52% source=13.10% diff=5.42pp | category=version difference
BHARTIARTL | 2021-03 | ROE_ANOMALY | computed=-20.97% source=14.90% diff=35.87pp | category=data source issue (source value likely stale/mis-scaled; ratio engine value used for analytics)
BHARTIARTL | 2022-03 | ROCE_ANOMALY | computed=26.33% source=13.10% diff=13.23pp | category=version difference
BHARTIARTL | 2023-03 | ROCE_ANOMALY | computed=23.81% source=13.10% diff=10.71pp | category=version difference
BHARTIARTL | 2024-03 | ROCE_ANOMALY | computed=25.10% source=13.10% diff=12.00pp | category=version difference
BEL | 2013-03 | ROCE_ANOMALY | computed=4303.33% source=34.60% diff=4268.73pp | category=version difference
BEL | 2013-03 | ROE_ANOMALY | computed=15183.33% source=26.30% diff=15157.03pp | category=data source issue (source value likely stale/mis-scaled; ratio engine value used for analytics)
BEL | 2014-03 | ROCE_ANOMALY | computed=4867.86% source=34.60% diff=4833.26pp | category=version difference
BEL | 2014-03 | ROE_ANOMALY | computed=13600.00% source=26.30% diff=13573.70pp | category=data source issue (source value likely stale/mis-scaled; ratio engine value used for analytics)
BEL | 2015-03 | ROCE_ANOMALY | computed=5109.09% source=34.60% diff=5074.49pp | category=version difference
BEL | 2015-03 | ROE_ANOMALY | computed=17100.00% source=26.30% diff=17073.70pp | category=data source issue (source value likely stale/mis-scaled; ratio engine value used for analytics)
BEL | 2016-03 | ROCE_ANOMALY | computed=5313.51% source=34.60% diff=5278.91pp | category=version difference
BEL | 2016-03 | ROE_ANOMALY | computed=11141.67% source=26.30% diff=11115.37pp | category=data source issue (source value likely stale/mis-scaled; ratio engine value used for analytics)
BEL | 2017-03 | ROCE_ANOMALY | computed=5027.27% source=34.60% diff=4992.67pp | category=version difference
BEL | 2017-03 | ROE_ANOMALY | computed=10153.33% source=26.30% diff=10127.03pp | category=data source issue (source value likely stale/mis-scaled; ratio engine value used for analytics)
BEL | 2018-03 | ROCE_ANOMALY | computed=2829.11% source=34.60% diff=2794.51pp | category=version difference
BEL | 2018-03 | ROE_ANOMALY | computed=4616.13% source=26.30% diff=4589.83pp | category=data source issue (source value likely stale/mis-scaled; ratio engine value used for analytics)
BEL | 2019-03 | ROCE_ANOMALY | computed=3106.25% source=34.60% diff=3071.65pp | category=version difference
BEL | 2019-03 | ROE_ANOMALY | computed=3851.02% source=26.30% diff=3824.72pp | category=data source issue (source value likely stale/mis-scaled; ratio engine value used for analytics)
BEL | 2020-03 | ROCE_ANOMALY | computed=2886.87% source=34.60% diff=2852.27pp | category=version difference
BEL | 2020-03 | ROE_ANOMALY | computed=3318.18% source=26.30% diff=3291.88pp | category=data source issue (source value likely stale/mis-scaled; ratio engine value used for analytics)
BEL | 2021-03 | ROCE_ANOMALY | computed=3091.67% source=34.60% diff=3057.07pp | category=version difference
BEL | 2021-03 | ROE_ANOMALY | computed=3559.32% source=26.30% diff=3533.02pp | category=data source issue (source value likely stale/mis-scaled; ratio engine value used for analytics)
BEL | 2022-03 | ROCE_ANOMALY | computed=2815.75% source=34.60% diff=2781.15pp | category=version difference
BEL | 2022-03 | ROE_ANOMALY | computed=3478.26% source=26.30% diff=3451.96pp | category=data source issue (source value likely stale/mis-scaled; ratio engine value used for analytics)
BEL | 2023-03 | ROCE_ANOMALY | computed=3834.21% source=34.60% diff=3799.61pp | category=version difference
BEL | 2023-03 | ROE_ANOMALY | computed=3981.33% source=26.30% diff=3955.03pp | category=data source issue (source value likely stale/mis-scaled; ratio engine value used for analytics)
BEL | 2024-03 | ROCE_ANOMALY | computed=4504.72% source=34.60% diff=4470.12pp | category=version difference
BEL | 2024-03 | ROE_ANOMALY | computed=4744.05% source=26.30% diff=4717.75pp | category=data source issue (source value likely stale/mis-scaled; ratio engine value used for analytics)
BHEL | 2013-03 | ROCE_ANOMALY | computed=31.93% source=3.28% diff=28.65pp | category=version difference
BHEL | 2013-03 | ROE_ANOMALY | computed=21.91% source=1.05% diff=20.86pp | category=data source issue (source value likely stale/mis-scaled; ratio engine value used for analytics)
BHEL | 2014-03 | ROCE_ANOMALY | computed=16.36% source=3.28% diff=13.08pp | category=version difference
BHEL | 2014-03 | ROE_ANOMALY | computed=10.56% source=1.05% diff=9.51pp | category=data source issue (source value likely stale/mis-scaled; ratio engine value used for analytics)
BHEL | 2015-03 | ROCE_ANOMALY | computed=9.31% source=3.28% diff=6.03pp | category=version difference
BHEL | 2020-03 | ROE_ANOMALY | computed=-5.12% source=1.05% diff=6.17pp | category=data source issue (source value likely stale/mis-scaled; ratio engine value used for analytics)
BHEL | 2021-03 | ROCE_ANOMALY | computed=-8.59% source=3.28% diff=11.87pp | category=version difference
BHEL | 2021-03 | ROE_ANOMALY | computed=-10.39% source=1.05% diff=11.44pp | category=data source issue (source value likely stale/mis-scaled; ratio engine value used for analytics)
BOSCHLTD | 2012-12 | ROCE_ANOMALY | computed=29.62% source=20.60% diff=9.02pp | category=version difference
BOSCHLTD | 2015-03 | ROCE_ANOMALY | computed=33.76% source=20.60% diff=13.16pp | category=version difference
BOSCHLTD | 2016-03 | ROCE_ANOMALY | computed=26.09% source=20.60% diff=5.49pp | category=version difference
BOSCHLTD | 2017-03 | ROCE_ANOMALY | computed=32.67% source=20.60% diff=12.07pp | category=version difference
BOSCHLTD | 2019-03 | ROCE_ANOMALY | computed=30.17% source=20.60% diff=9.57pp | category=version difference
BOSCHLTD | 2020-03 | ROCE_ANOMALY | computed=14.75% source=20.60% diff=5.85pp | category=version difference
BOSCHLTD | 2020-03 | ROE_ANOMALY | computed=7.01% source=16.00% diff=8.99pp | category=data source issue (source value likely stale/mis-scaled; ratio engine value used for analytics)
BOSCHLTD | 2021-03 | ROCE_ANOMALY | computed=9.33% source=20.60% diff=11.27pp | category=version difference
BOSCHLTD | 2021-03 | ROE_ANOMALY | computed=4.91% source=16.00% diff=11.09pp | category=data source issue (source value likely stale/mis-scaled; ratio engine value used for analytics)
BOSCHLTD | 2024-03 | ROCE_ANOMALY | computed=30.25% source=20.60% diff=9.65pp | category=version difference
BPCL | 2013-03 | ROCE_ANOMALY | computed=16.42% source=32.10% diff=15.68pp | category=version difference
BPCL | 2013-03 | ROE_ANOMALY | computed=11.54% source=41.90% diff=30.36pp | category=data source issue (source value likely stale/mis-scaled; ratio engine value used for analytics)
BPCL | 2014-03 | ROCE_ANOMALY | computed=20.46% source=32.10% diff=11.64pp | category=version difference
BPCL | 2014-03 | ROE_ANOMALY | computed=20.85% source=41.90% diff=21.05pp | category=data source issue (source value likely stale/mis-scaled; ratio engine value used for analytics)
BPCL | 2015-03 | ROCE_ANOMALY | computed=24.76% source=32.10% diff=7.34pp | category=version difference
BPCL | 2015-03 | ROE_ANOMALY | computed=22.52% source=41.90% diff=19.38pp | category=data source issue (source value likely stale/mis-scaled; ratio engine value used for analytics)
BPCL | 2016-03 | ROE_ANOMALY | computed=29.10% source=41.90% diff=12.80pp | category=data source issue (source value likely stale/mis-scaled; ratio engine value used for analytics)
BPCL | 2017-03 | ROCE_ANOMALY | computed=24.80% source=32.10% diff=7.30pp | category=version difference
BPCL | 2017-03 | ROE_ANOMALY | computed=30.85% source=41.90% diff=11.05pp | category=data source issue (source value likely stale/mis-scaled; ratio engine value used for analytics)
BPCL | 2018-03 | ROCE_ANOMALY | computed=24.56% source=32.10% diff=7.54pp | category=version difference
BPCL | 2018-03 | ROE_ANOMALY | computed=26.74% source=41.90% diff=15.16pp | category=data source issue (source value likely stale/mis-scaled; ratio engine value used for analytics)
BPCL | 2019-03 | ROCE_ANOMALY | computed=21.63% source=32.10% diff=10.47pp | category=version difference
BPCL | 2019-03 | ROE_ANOMALY | computed=22.00% source=41.90% diff=19.90pp | category=data source issue (source value likely stale/mis-scaled; ratio engine value used for analytics)
BPCL | 2020-03 | ROCE_ANOMALY | computed=10.16% source=32.10% diff=21.94pp | category=version difference
BPCL | 2020-03 | ROE_ANOMALY | computed=10.04% source=41.90% diff=31.86pp | category=data source issue (source value likely stale/mis-scaled; ratio engine value used for analytics)
BPCL | 2021-03 | ROCE_ANOMALY | computed=26.36% source=32.10% diff=5.74pp | category=version difference
BPCL | 2021-03 | ROE_ANOMALY | computed=32.34% source=41.90% diff=9.56pp | category=data source issue (source value likely stale/mis-scaled; ratio engine value used for analytics)
BPCL | 2022-03 | ROCE_ANOMALY | computed=20.68% source=32.10% diff=11.42pp | category=version difference
BPCL | 2022-03 | ROE_ANOMALY | computed=22.51% source=41.90% diff=19.39pp | category=data source issue (source value likely stale/mis-scaled; ratio engine value used for analytics)
BPCL | 2023-03 | ROCE_ANOMALY | computed=10.52% source=32.10% diff=21.58pp | category=version difference
BPCL | 2023-03 | ROE_ANOMALY | computed=3.98% source=41.90% diff=37.92pp | category=data source issue (source value likely stale/mis-scaled; ratio engine value used for analytics)
BPCL | 2024-03 | ROE_ANOMALY | computed=35.51% source=41.90% diff=6.39pp | category=data source issue (source value likely stale/mis-scaled; ratio engine value used for analytics)
BRITANNIA | 2013-03 | ROE_ANOMALY | computed=46.59% source=57.10% diff=10.51pp | category=data source issue (source value likely stale/mis-scaled; ratio engine value used for analytics)
BRITANNIA | 2014-03 | ROCE_ANOMALY | computed=69.73% source=48.90% diff=20.83pp | category=version difference
BRITANNIA | 2014-03 | ROE_ANOMALY | computed=49.50% source=57.10% diff=7.60pp | category=data source issue (source value likely stale/mis-scaled; ratio engine value used for analytics)
BRITANNIA | 2015-03 | ROCE_ANOMALY | computed=78.99% source=48.90% diff=30.09pp | category=version difference
BRITANNIA | 2016-03 | ROCE_ANOMALY | computed=60.23% source=48.90% diff=11.33pp | category=version difference
BRITANNIA | 2016-03 | ROE_ANOMALY | computed=39.44% source=57.10% diff=17.66pp | category=data source issue (source value likely stale/mis-scaled; ratio engine value used for analytics)
BRITANNIA | 2017-03 | ROE_ANOMALY | computed=32.83% source=57.10% diff=24.27pp | category=data source issue (source value likely stale/mis-scaled; ratio engine value used for analytics)
BRITANNIA | 2018-03 | ROE_ANOMALY | computed=29.48% source=57.10% diff=27.62pp | category=data source issue (source value likely stale/mis-scaled; ratio engine value used for analytics)
BRITANNIA | 2019-03 | ROE_ANOMALY | computed=27.16% source=57.10% diff=29.94pp | category=data source issue (source value likely stale/mis-scaled; ratio engine value used for analytics)
BRITANNIA | 2020-03 | ROCE_ANOMALY | computed=35.45% source=48.90% diff=13.45pp | category=version difference
BRITANNIA | 2020-03 | ROE_ANOMALY | computed=31.66% source=57.10% diff=25.44pp | category=data source issue (source value likely stale/mis-scaled; ratio engine value used for analytics)
BRITANNIA | 2023-03 | ROE_ANOMALY | computed=65.53% source=57.10% diff=8.43pp | category=data source issue (source value likely stale/mis-scaled; ratio engine value used for analytics)
BRITANNIA | 2024-03 | ROCE_ANOMALY | computed=56.24% source=48.90% diff=7.34pp | category=version difference
CANBK | 2013-03 | OPM_MISMATCH | computed=21.18% reported=655.00% | category=formula discrepancy
CANBK | 2013-03 | FINANCIALS_SECTOR_CARVEOUT | high_leverage_flag suppressed (structurally normal for banks/NBFCs/insurance) | category=data source issue
CANBK | 2013-03 | ROE_ANOMALY | computed=11.90% source=17.90% diff=6.00pp | category=data source issue (source value likely stale/mis-scaled; ratio engine value used for analytics)
CANBK | 2014-03 | OPM_MISMATCH | computed=24.35% reported=-672.00% | category=formula discrepancy
CANBK | 2014-03 | FINANCIALS_SECTOR_CARVEOUT | high_leverage_flag suppressed (structurally normal for banks/NBFCs/insurance) | category=data source issue
CANBK | 2014-03 | ROE_ANOMALY | computed=8.85% source=17.90% diff=9.05pp | category=data source issue (source value likely stale/mis-scaled; ratio engine value used for analytics)
CANBK | 2015-03 | OPM_MISMATCH | computed=23.51% reported=-621.00% | category=formula discrepancy
CANBK | 2015-03 | FINANCIALS_SECTOR_CARVEOUT | high_leverage_flag suppressed (structurally normal for banks/NBFCs/insurance) | category=data source issue
CANBK | 2015-03 | ROE_ANOMALY | computed=9.02% source=17.90% diff=8.88pp | category=data source issue (source value likely stale/mis-scaled; ratio engine value used for analytics)
CANBK | 2016-03 | OPM_MISMATCH | computed=40.38% reported=-8008.00% | category=formula discrepancy
CANBK | 2016-03 | FINANCIALS_SECTOR_CARVEOUT | high_leverage_flag suppressed (structurally normal for banks/NBFCs/insurance) | category=data source issue
CANBK | 2016-03 | ROE_ANOMALY | computed=-7.82% source=17.90% diff=25.72pp | category=data source issue (source value likely stale/mis-scaled; ratio engine value used for analytics)
CANBK | 2017-03 | OPM_MISMATCH | computed=37.85% reported=-5775.00% | category=formula discrepancy
CANBK | 2017-03 | FINANCIALS_SECTOR_CARVEOUT | high_leverage_flag suppressed (structurally normal for banks/NBFCs/insurance) | category=data source issue
CANBK | 2017-03 | ROE_ANOMALY | computed=4.07% source=17.90% diff=13.83pp | category=data source issue (source value likely stale/mis-scaled; ratio engine value used for analytics)
CANBK | 2018-03 | OPM_MISMATCH | computed=61.87% reported=-13350.00% | category=formula discrepancy
CANBK | 2018-03 | FINANCIALS_SECTOR_CARVEOUT | high_leverage_flag suppressed (structurally normal for banks/NBFCs/insurance) | category=data source issue
CANBK | 2018-03 | ROE_ANOMALY | computed=-10.50% source=17.90% diff=28.40pp | category=data source issue (source value likely stale/mis-scaled; ratio engine value used for analytics)
CANBK | 2019-03 | OPM_MISMATCH | computed=56.73% reported=-11590.00% | category=formula discrepancy
CANBK | 2019-03 | FINANCIALS_SECTOR_CARVEOUT | high_leverage_flag suppressed (structurally normal for banks/NBFCs/insurance) | category=data source issue
CANBK | 2019-03 | ROE_ANOMALY | computed=1.85% source=17.90% diff=16.05pp | category=data source issue (source value likely stale/mis-scaled; ratio engine value used for analytics)
CANBK | 2020-03 | OPM_MISMATCH | computed=53.88% reported=-12867.00% | category=formula discrepancy
CANBK | 2020-03 | FINANCIALS_SECTOR_CARVEOUT | high_leverage_flag suppressed (structurally normal for banks/NBFCs/insurance) | category=data source issue
CANBK | 2020-03 | ROE_ANOMALY | computed=-4.66% source=17.90% diff=22.56pp | category=data source issue (source value likely stale/mis-scaled; ratio engine value used for analytics)
CANBK | 2021-03 | OPM_MISMATCH | computed=61.83% reported=-18367.00% | category=formula discrepancy
CANBK | 2021-03 | FINANCIALS_SECTOR_CARVEOUT | high_leverage_flag suppressed (structurally normal for banks/NBFCs/insurance) | category=data source issue
CANBK | 2021-03 | ROE_ANOMALY | computed=4.74% source=17.90% diff=13.16pp | category=data source issue (source value likely stale/mis-scaled; ratio engine value used for analytics)
CANBK | 2022-03 | OPM_MISMATCH | computed=58.39% reported=-13657.00% | category=formula discrepancy
CANBK | 2022-03 | FINANCIALS_SECTOR_CARVEOUT | high_leverage_flag suppressed (structurally normal for banks/NBFCs/insurance) | category=data source issue
CANBK | 2022-03 | ROE_ANOMALY | computed=8.80% source=17.90% diff=9.10pp | category=data source issue (source value likely stale/mis-scaled; ratio engine value used for analytics)
CANBK | 2023-03 | OPM_MISMATCH | computed=49.80% reported=-9877.00% | category=formula discrepancy
CANBK | 2023-03 | FINANCIALS_SECTOR_CARVEOUT | high_leverage_flag suppressed (structurally normal for banks/NBFCs/insurance) | category=data source issue
CANBK | 2024-03 | OPM_MISMATCH | computed=41.75% reported=-7745.00% | category=formula discrepancy
CANBK | 2024-03 | FINANCIALS_SECTOR_CARVEOUT | high_leverage_flag suppressed (structurally normal for banks/NBFCs/insurance) | category=data source issue
CHOLAFIN | 2013-03 | OPM_MISMATCH | computed=26.77% reported=472.00% | category=formula discrepancy
CHOLAFIN | 2013-03 | FINANCIALS_SECTOR_CARVEOUT | high_leverage_flag suppressed (structurally normal for banks/NBFCs/insurance) | category=data source issue
CHOLAFIN | 2013-03 | ROCE_ANOMALY | computed=4.10% source=10.40% diff=6.30pp | category=version difference
CHOLAFIN | 2014-03 | OPM_MISMATCH | computed=28.42% reported=578.00% | category=formula discrepancy
CHOLAFIN | 2014-03 | FINANCIALS_SECTOR_CARVEOUT | high_leverage_flag suppressed (structurally normal for banks/NBFCs/insurance) | category=data source issue
CHOLAFIN | 2014-03 | ROCE_ANOMALY | computed=4.67% source=10.40% diff=5.73pp | category=version difference
CHOLAFIN | 2015-03 | OPM_MISMATCH | computed=28.56% reported=696.00% | category=formula discrepancy
CHOLAFIN | 2015-03 | FINANCIALS_SECTOR_CARVEOUT | high_leverage_flag suppressed (structurally normal for banks/NBFCs/insurance) | category=data source issue
CHOLAFIN | 2015-03 | ROCE_ANOMALY | computed=4.77% source=10.40% diff=5.63pp | category=version difference
CHOLAFIN | 2016-03 | OPM_MISMATCH | computed=30.04% reported=899.00% | category=formula discrepancy
CHOLAFIN | 2016-03 | FINANCIALS_SECTOR_CARVEOUT | high_leverage_flag suppressed (structurally normal for banks/NBFCs/insurance) | category=data source issue
CHOLAFIN | 2016-03 | ROCE_ANOMALY | computed=4.91% source=10.40% diff=5.49pp | category=version difference
CHOLAFIN | 2017-03 | OPM_MISMATCH | computed=28.16% reported=1143.00% | category=formula discrepancy
CHOLAFIN | 2017-03 | FINANCIALS_SECTOR_CARVEOUT | high_leverage_flag suppressed (structurally normal for banks/NBFCs/insurance) | category=data source issue
CHOLAFIN | 2017-03 | ROCE_ANOMALY | computed=4.74% source=10.40% diff=5.66pp | category=version difference
CHOLAFIN | 2018-03 | OPM_MISMATCH | computed=26.10% reported=1451.00% | category=formula discrepancy
CHOLAFIN | 2018-03 | FINANCIALS_SECTOR_CARVEOUT | high_leverage_flag suppressed (structurally normal for banks/NBFCs/insurance) | category=data source issue
CHOLAFIN | 2018-03 | ROCE_ANOMALY | computed=3.40% source=10.40% diff=7.00pp | category=version difference
CHOLAFIN | 2019-03 | OPM_MISMATCH | computed=22.96% reported=1888.00% | category=formula discrepancy
CHOLAFIN | 2019-03 | FINANCIALS_SECTOR_CARVEOUT | high_leverage_flag suppressed (structurally normal for banks/NBFCs/insurance) | category=data source issue
CHOLAFIN | 2019-03 | ROCE_ANOMALY | computed=2.92% source=10.40% diff=7.48pp | category=version difference
CHOLAFIN | 2020-03 | OPM_MISMATCH | computed=27.79% reported=1699.00% | category=formula discrepancy
CHOLAFIN | 2020-03 | FINANCIALS_SECTOR_CARVEOUT | high_leverage_flag suppressed (structurally normal for banks/NBFCs/insurance) | category=data source issue
CHOLAFIN | 2020-03 | ROCE_ANOMALY | computed=3.86% source=10.40% diff=6.54pp | category=version difference
CHOLAFIN | 2020-03 | ROE_ANOMALY | computed=12.85% source=20.20% diff=7.35pp | category=data source issue (source value likely stale/mis-scaled; ratio engine value used for analytics)
CHOLAFIN | 2021-03 | OPM_MISMATCH | computed=30.40% reported=2094.00% | category=formula discrepancy
CHOLAFIN | 2021-03 | FINANCIALS_SECTOR_CARVEOUT | high_leverage_flag suppressed (structurally normal for banks/NBFCs/insurance) | category=data source issue
CHOLAFIN | 2021-03 | ROCE_ANOMALY | computed=4.00% source=10.40% diff=6.40pp | category=version difference
CHOLAFIN | 2022-03 | OPM_MISMATCH | computed=28.83% reported=2924.00% | category=formula discrepancy
CHOLAFIN | 2022-03 | FINANCIALS_SECTOR_CARVEOUT | high_leverage_flag suppressed (structurally normal for banks/NBFCs/insurance) | category=data source issue
CHOLAFIN | 2022-03 | ROCE_ANOMALY | computed=3.65% source=10.40% diff=6.75pp | category=version difference
CHOLAFIN | 2023-03 | OPM_MISMATCH | computed=28.10% reported=3515.00% | category=formula discrepancy
CHOLAFIN | 2023-03 | FINANCIALS_SECTOR_CARVEOUT | high_leverage_flag suppressed (structurally normal for banks/NBFCs/insurance) | category=data source issue
CHOLAFIN | 2023-03 | ROCE_ANOMALY | computed=3.27% source=10.40% diff=7.13pp | category=version difference
CHOLAFIN | 2024-03 | OPM_MISMATCH | computed=28.10% reported=4548.00% | category=formula discrepancy
CHOLAFIN | 2024-03 | FINANCIALS_SECTOR_CARVEOUT | high_leverage_flag suppressed (structurally normal for banks/NBFCs/insurance) | category=data source issue
CHOLAFIN | 2024-03 | ROCE_ANOMALY | computed=3.51% source=10.40% diff=6.89pp | category=version difference
CIPLA | 2013-03 | OPM_MISMATCH | computed=73.26% reported=2214.00% | category=formula discrepancy
CIPLA | 2013-03 | ROCE_ANOMALY | computed=61.01% source=22.80% diff=38.21pp | category=version difference
CIPLA | 2014-03 | OPM_MISMATCH | computed=78.90% reported=2147.00% | category=formula discrepancy
CIPLA | 2014-03 | ROCE_ANOMALY | computed=71.22% source=22.80% diff=48.42pp | category=version difference
CIPLA | 2015-03 | OPM_MISMATCH | computed=80.94% reported=2163.00% | category=formula discrepancy
CIPLA | 2015-03 | ROCE_ANOMALY | computed=73.59% source=22.80% diff=50.79pp | category=version difference
CIPLA | 2015-03 | ROE_ANOMALY | computed=11.38% source=16.80% diff=5.42pp | category=data source issue (source value likely stale/mis-scaled; ratio engine value used for analytics)
CIPLA | 2016-03 | OPM_MISMATCH | computed=82.02% reported=2480.00% | category=formula discrepancy
CIPLA | 2016-03 | ROCE_ANOMALY | computed=67.76% source=22.80% diff=44.96pp | category=version difference
CIPLA | 2017-03 | OPM_MISMATCH | computed=82.66% reported=2496.00% | category=formula discrepancy
CIPLA | 2017-03 | ROCE_ANOMALY | computed=71.53% source=22.80% diff=48.73pp | category=version difference
CIPLA | 2017-03 | ROE_ANOMALY | computed=8.25% source=16.80% diff=8.55pp | category=data source issue (source value likely stale/mis-scaled; ratio engine value used for analytics)
CIPLA | 2018-03 | OPM_MISMATCH | computed=81.35% reported=2826.00% | category=formula discrepancy
CIPLA | 2018-03 | ROCE_ANOMALY | computed=67.38% source=22.80% diff=44.58pp | category=version difference
CIPLA | 2018-03 | ROE_ANOMALY | computed=9.96% source=16.80% diff=6.84pp | category=data source issue (source value likely stale/mis-scaled; ratio engine value used for analytics)
CIPLA | 2019-03 | OPM_MISMATCH | computed=81.07% reported=3097.00% | category=formula discrepancy
CIPLA | 2019-03 | ROCE_ANOMALY | computed=68.73% source=22.80% diff=45.93pp | category=version difference
CIPLA | 2019-03 | ROE_ANOMALY | computed=9.94% source=16.80% diff=6.86pp | category=data source issue (source value likely stale/mis-scaled; ratio engine value used for analytics)
CIPLA | 2020-03 | OPM_MISMATCH | computed=81.29% reported=3206.00% | category=formula discrepancy
CIPLA | 2020-03 | ROCE_ANOMALY | computed=75.06% source=22.80% diff=52.26pp | category=version difference
CIPLA | 2020-03 | ROE_ANOMALY | computed=9.52% source=16.80% diff=7.28pp | category=data source issue (source value likely stale/mis-scaled; ratio engine value used for analytics)
CIPLA | 2021-03 | OPM_MISMATCH | computed=77.80% reported=4252.00% | category=formula discrepancy
CIPLA | 2021-03 | ROCE_ANOMALY | computed=73.40% source=22.80% diff=50.60pp | category=version difference
CIPLA | 2022-03 | OPM_MISMATCH | computed=79.08% reported=4553.00% | category=formula discrepancy
CIPLA | 2022-03 | ROCE_ANOMALY | computed=78.70% source=22.80% diff=55.90pp | category=version difference
CIPLA | 2023-03 | OPM_MISMATCH | computed=77.91% reported=5027.00% | category=formula discrepancy
CIPLA | 2023-03 | ROCE_ANOMALY | computed=73.31% source=22.80% diff=50.51pp | category=version difference
CIPLA | 2024-03 | OPM_MISMATCH | computed=75.59% reported=6291.00% | category=formula discrepancy
CIPLA | 2024-03 | ROCE_ANOMALY | computed=71.55% source=22.80% diff=48.75pp | category=version difference
COALINDIA | 2013-03 | OPM_MISMATCH | computed=73.52% reported=18087.00% | category=formula discrepancy
COALINDIA | 2013-03 | ROCE_ANOMALY | computed=100.93% source=63.60% diff=37.33pp | category=version difference
COALINDIA | 2013-03 | ROE_ANOMALY | computed=35.81% source=52.00% diff=16.19pp | category=data source issue (source value likely stale/mis-scaled; ratio engine value used for analytics)
COALINDIA | 2014-03 | OPM_MISMATCH | computed=74.84% reported=17766.00% | category=formula discrepancy
COALINDIA | 2014-03 | ROCE_ANOMALY | computed=124.15% source=63.60% diff=60.55pp | category=version difference
COALINDIA | 2014-03 | ROE_ANOMALY | computed=35.64% source=52.00% diff=16.36pp | category=data source issue (source value likely stale/mis-scaled; ratio engine value used for analytics)
COALINDIA | 2015-03 | OPM_MISMATCH | computed=76.60% reported=17343.00% | category=formula discrepancy
COALINDIA | 2015-03 | ROCE_ANOMALY | computed=139.35% source=63.60% diff=75.75pp | category=version difference
COALINDIA | 2015-03 | ROE_ANOMALY | computed=34.02% source=52.00% diff=17.98pp | category=data source issue (source value likely stale/mis-scaled; ratio engine value used for analytics)
COALINDIA | 2016-03 | OPM_MISMATCH | computed=75.96% reported=18714.00% | category=formula discrepancy
COALINDIA | 2016-03 | ROCE_ANOMALY | computed=164.22% source=63.60% diff=100.62pp | category=version difference
COALINDIA | 2016-03 | ROE_ANOMALY | computed=40.96% source=52.00% diff=11.04pp | category=data source issue (source value likely stale/mis-scaled; ratio engine value used for analytics)
COALINDIA | 2017-03 | OPM_MISMATCH | computed=84.07% reported=12448.00% | category=formula discrepancy
COALINDIA | 2017-03 | ROCE_ANOMALY | computed=238.75% source=63.60% diff=175.15pp | category=version difference
COALINDIA | 2017-03 | ROE_ANOMALY | computed=37.85% source=52.00% diff=14.15pp | category=data source issue (source value likely stale/mis-scaled; ratio engine value used for analytics)
COALINDIA | 2018-03 | OPM_MISMATCH | computed=89.10% reported=9288.00% | category=formula discrepancy
COALINDIA | 2018-03 | ROCE_ANOMALY | computed=349.82% source=63.60% diff=286.22pp | category=version difference
COALINDIA | 2018-03 | ROE_ANOMALY | computed=34.88% source=52.00% diff=17.12pp | category=data source issue (source value likely stale/mis-scaled; ratio engine value used for analytics)
COALINDIA | 2019-03 | OPM_MISMATCH | computed=74.89% reported=25007.00% | category=formula discrepancy
COALINDIA | 2019-03 | ROCE_ANOMALY | computed=260.26% source=63.60% diff=196.66pp | category=version difference
COALINDIA | 2019-03 | ROE_ANOMALY | computed=66.01% source=52.00% diff=14.01pp | category=data source issue (source value likely stale/mis-scaled; ratio engine value used for analytics)
COALINDIA | 2020-03 | OPM_MISMATCH | computed=77.54% reported=21581.00% | category=formula discrepancy
COALINDIA | 2020-03 | ROCE_ANOMALY | computed=193.11% source=63.60% diff=129.51pp | category=version difference
COALINDIA | 2021-03 | OPM_MISMATCH | computed=79.31% reported=18628.00% | category=formula discrepancy
COALINDIA | 2021-03 | ROCE_ANOMALY | computed=168.43% source=63.60% diff=104.83pp | category=version difference
COALINDIA | 2021-03 | ROE_ANOMALY | computed=34.78% source=52.00% diff=17.22pp | category=data source issue (source value likely stale/mis-scaled; ratio engine value used for analytics)
COALINDIA | 2022-03 | OPM_MISMATCH | computed=77.47% reported=24721.00% | category=formula discrepancy
COALINDIA | 2022-03 | ROCE_ANOMALY | computed=182.22% source=63.60% diff=118.62pp | category=version difference
COALINDIA | 2022-03 | ROE_ANOMALY | computed=40.28% source=52.00% diff=11.72pp | category=data source issue (source value likely stale/mis-scaled; ratio engine value used for analytics)
COALINDIA | 2023-03 | OPM_MISMATCH | computed=68.01% reported=44232.00% | category=formula discrepancy
COALINDIA | 2023-03 | ROCE_ANOMALY | computed=144.31% source=63.60% diff=80.71pp | category=version difference
COALINDIA | 2024-03 | OPM_MISMATCH | computed=66.29% reported=47971.00% | category=formula discrepancy
COALINDIA | 2024-03 | ROCE_ANOMALY | computed=105.75% source=63.60% diff=42.15pp | category=version difference
COALINDIA | 2024-03 | ROE_ANOMALY | computed=45.17% source=52.00% diff=6.83pp | category=data source issue (source value likely stale/mis-scaled; ratio engine value used for analytics)
DABUR | 2013-03 | ROCE_ANOMALY | computed=33.64% source=22.30% diff=11.34pp | category=version difference
DABUR | 2013-03 | ROE_ANOMALY | computed=36.56% source=19.20% diff=17.36pp | category=data source issue (source value likely stale/mis-scaled; ratio engine value used for analytics)
DABUR | 2014-03 | ROCE_ANOMALY | computed=38.29% source=22.30% diff=15.99pp | category=version difference
DABUR | 2014-03 | ROE_ANOMALY | computed=34.49% source=19.20% diff=15.29pp | category=data source issue (source value likely stale/mis-scaled; ratio engine value used for analytics)
DABUR | 2015-03 | ROCE_ANOMALY | computed=36.06% source=22.30% diff=13.76pp | category=version difference
DABUR | 2015-03 | ROE_ANOMALY | computed=31.84% source=19.20% diff=12.64pp | category=data source issue (source value likely stale/mis-scaled; ratio engine value used for analytics)
DABUR | 2016-03 | ROCE_ANOMALY | computed=34.87% source=22.30% diff=12.57pp | category=version difference
DABUR | 2016-03 | ROE_ANOMALY | computed=30.06% source=19.20% diff=10.86pp | category=data source issue (source value likely stale/mis-scaled; ratio engine value used for analytics)
DABUR | 2017-03 | ROCE_ANOMALY | computed=31.05% source=22.30% diff=8.75pp | category=version difference
DABUR | 2017-03 | ROE_ANOMALY | computed=26.41% source=19.20% diff=7.21pp | category=data source issue (source value likely stale/mis-scaled; ratio engine value used for analytics)
DABUR | 2018-03 | ROCE_ANOMALY | computed=28.72% source=22.30% diff=6.42pp | category=version difference
DABUR | 2019-03 | ROCE_ANOMALY | computed=30.99% source=22.30% diff=8.69pp | category=version difference
DABUR | 2019-03 | ROE_ANOMALY | computed=25.67% source=19.20% diff=6.47pp | category=data source issue (source value likely stale/mis-scaled; ratio engine value used for analytics)
DABUR | 2020-03 | ROCE_ANOMALY | computed=28.02% source=22.30% diff=5.72pp | category=version difference
DABUR | 2021-03 | ROCE_ANOMALY | computed=28.47% source=22.30% diff=6.17pp | category=version difference
DIVISLAB | 2013-03 | ROCE_ANOMALY | computed=33.98% source=16.50% diff=17.48pp | category=version difference
DIVISLAB | 2013-03 | ROE_ANOMALY | computed=24.07% source=12.20% diff=11.87pp | category=data source issue (source value likely stale/mis-scaled; ratio engine value used for analytics)
DIVISLAB | 2014-03 | ROCE_ANOMALY | computed=36.42% source=16.50% diff=19.92pp | category=version difference
DIVISLAB | 2014-03 | ROE_ANOMALY | computed=26.08% source=12.20% diff=13.88pp | category=data source issue (source value likely stale/mis-scaled; ratio engine value used for analytics)
DIVISLAB | 2015-03 | ROCE_ANOMALY | computed=34.37% source=16.50% diff=17.87pp | category=version difference
DIVISLAB | 2015-03 | ROE_ANOMALY | computed=24.37% source=12.20% diff=12.17pp | category=data source issue (source value likely stale/mis-scaled; ratio engine value used for analytics)
DIVISLAB | 2016-03 | ROCE_ANOMALY | computed=34.97% source=16.50% diff=18.47pp | category=version difference
DIVISLAB | 2016-03 | ROE_ANOMALY | computed=26.23% source=12.20% diff=14.03pp | category=data source issue (source value likely stale/mis-scaled; ratio engine value used for analytics)
DIVISLAB | 2017-03 | ROCE_ANOMALY | computed=28.22% source=16.50% diff=11.72pp | category=version difference
DIVISLAB | 2017-03 | ROE_ANOMALY | computed=19.79% source=12.20% diff=7.59pp | category=data source issue (source value likely stale/mis-scaled; ratio engine value used for analytics)
DIVISLAB | 2018-03 | ROCE_ANOMALY | computed=22.98% source=16.50% diff=6.48pp | category=version difference
DIVISLAB | 2019-03 | ROCE_ANOMALY | computed=28.71% source=16.50% diff=12.21pp | category=version difference
DIVISLAB | 2019-03 | ROE_ANOMALY | computed=19.45% source=12.20% diff=7.25pp | category=data source issue (source value likely stale/mis-scaled; ratio engine value used for analytics)
DIVISLAB | 2020-03 | ROCE_ANOMALY | computed=27.38% source=16.50% diff=10.88pp | category=version difference
DIVISLAB | 2020-03 | ROE_ANOMALY | computed=18.84% source=12.20% diff=6.64pp | category=data source issue (source value likely stale/mis-scaled; ratio engine value used for analytics)
DIVISLAB | 2021-03 | ROCE_ANOMALY | computed=31.44% source=16.50% diff=14.94pp | category=version difference
DIVISLAB | 2021-03 | ROE_ANOMALY | computed=21.34% source=12.20% diff=9.14pp | category=data source issue (source value likely stale/mis-scaled; ratio engine value used for analytics)
DIVISLAB | 2022-03 | ROCE_ANOMALY | computed=34.07% source=16.50% diff=17.57pp | category=version difference
DIVISLAB | 2022-03 | ROE_ANOMALY | computed=25.24% source=12.20% diff=13.04pp | category=data source issue (source value likely stale/mis-scaled; ratio engine value used for analytics)
DLF | 2015-03 | ROE_ANOMALY | computed=1.85% source=6.95% diff=5.10pp | category=data source issue (source value likely stale/mis-scaled; ratio engine value used for analytics)
DLF | 2016-03 | ROE_ANOMALY | computed=1.27% source=6.95% diff=5.68pp | category=data source issue (source value likely stale/mis-scaled; ratio engine value used for analytics)
DLF | 2018-03 | ROCE_ANOMALY | computed=22.92% source=5.74% diff=17.18pp | category=version difference
DLF | 2018-03 | ROE_ANOMALY | computed=12.68% source=6.95% diff=5.73pp | category=data source issue (source value likely stale/mis-scaled; ratio engine value used for analytics)
DLF | 2020-03 | ROE_ANOMALY | computed=-1.71% source=6.95% diff=8.66pp | category=data source issue (source value likely stale/mis-scaled; ratio engine value used for analytics)
DMART | 2016-03 | ROCE_ANOMALY | computed=25.10% source=19.40% diff=5.70pp | category=version difference
DMART | 2016-03 | ROE_ANOMALY | computed=21.04% source=14.50% diff=6.54pp | category=data source issue (source value likely stale/mis-scaled; ratio engine value used for analytics)
DMART | 2018-03 | ROCE_ANOMALY | computed=28.21% source=19.40% diff=8.81pp | category=version difference
DMART | 2019-03 | ROCE_ANOMALY | computed=26.74% source=19.40% diff=7.34pp | category=version difference
DMART | 2021-03 | ROE_ANOMALY | computed=9.02% source=14.50% diff=5.48pp | category=data source issue (source value likely stale/mis-scaled; ratio engine value used for analytics)
DRREDDY | 2017-03 | ROCE_ANOMALY | computed=15.39% source=26.50% diff=11.11pp | category=version difference
DRREDDY | 2017-03 | ROE_ANOMALY | computed=10.54% source=21.40% diff=10.86pp | category=data source issue (source value likely stale/mis-scaled; ratio engine value used for analytics)
DRREDDY | 2018-03 | ROCE_ANOMALY | computed=14.20% source=26.50% diff=12.30pp | category=version difference
DRREDDY | 2018-03 | ROE_ANOMALY | computed=7.53% source=21.40% diff=13.87pp | category=data source issue (source value likely stale/mis-scaled; ratio engine value used for analytics)
DRREDDY | 2019-03 | ROCE_ANOMALY | computed=19.92% source=26.50% diff=6.58pp | category=version difference
DRREDDY | 2019-03 | ROE_ANOMALY | computed=13.90% source=21.40% diff=7.50pp | category=data source issue (source value likely stale/mis-scaled; ratio engine value used for analytics)
DRREDDY | 2020-03 | ROCE_ANOMALY | computed=17.67% source=26.50% diff=8.83pp | category=version difference
DRREDDY | 2020-03 | ROE_ANOMALY | computed=12.99% source=21.40% diff=8.41pp | category=data source issue (source value likely stale/mis-scaled; ratio engine value used for analytics)
DRREDDY | 2021-03 | ROCE_ANOMALY | computed=20.36% source=26.50% diff=6.14pp | category=version difference
DRREDDY | 2021-03 | ROE_ANOMALY | computed=11.07% source=21.40% diff=10.33pp | category=data source issue (source value likely stale/mis-scaled; ratio engine value used for analytics)
DRREDDY | 2022-03 | ROCE_ANOMALY | computed=19.13% source=26.50% diff=7.37pp | category=version difference
DRREDDY | 2022-03 | ROE_ANOMALY | computed=11.36% source=21.40% diff=10.04pp | category=data source issue (source value likely stale/mis-scaled; ratio engine value used for analytics)
EICHERMOT | 2012-12 | ROCE_ANOMALY | computed=38.58% source=31.10% diff=7.48pp | category=version difference
EICHERMOT | 2013-12 | ROCE_ANOMALY | computed=37.77% source=31.10% diff=6.67pp | category=version difference
EICHERMOT | 2014-12 | ROCE_ANOMALY | computed=47.51% source=31.10% diff=16.41pp | category=version difference
EICHERMOT | 2016-03 | ROCE_ANOMALY | computed=54.84% source=31.10% diff=23.74pp | category=version difference
EICHERMOT | 2016-03 | ROE_ANOMALY | computed=36.63% source=24.20% diff=12.43pp | category=data source issue (source value likely stale/mis-scaled; ratio engine value used for analytics)
EICHERMOT | 2017-03 | ROCE_ANOMALY | computed=47.46% source=31.10% diff=16.36pp | category=version difference
EICHERMOT | 2017-03 | ROE_ANOMALY | computed=31.19% source=24.20% diff=6.99pp | category=data source issue (source value likely stale/mis-scaled; ratio engine value used for analytics)
EICHERMOT | 2018-03 | ROCE_ANOMALY | computed=46.58% source=31.10% diff=15.48pp | category=version difference
EICHERMOT | 2019-03 | ROCE_ANOMALY | computed=39.59% source=31.10% diff=8.49pp | category=version difference
EICHERMOT | 2020-03 | ROE_ANOMALY | computed=18.30% source=24.20% diff=5.90pp | category=data source issue (source value likely stale/mis-scaled; ratio engine value used for analytics)
EICHERMOT | 2021-03 | ROCE_ANOMALY | computed=19.43% source=31.10% diff=11.67pp | category=version difference
EICHERMOT | 2021-03 | ROE_ANOMALY | computed=11.78% source=24.20% diff=12.42pp | category=data source issue (source value likely stale/mis-scaled; ratio engine value used for analytics)
EICHERMOT | 2022-03 | ROCE_ANOMALY | computed=21.03% source=31.10% diff=10.07pp | category=version difference
EICHERMOT | 2022-03 | ROE_ANOMALY | computed=13.30% source=24.20% diff=10.90pp | category=data source issue (source value likely stale/mis-scaled; ratio engine value used for analytics)
GAIL | 2016-03 | ROE_ANOMALY | computed=5.15% source=14.00% diff=8.85pp | category=data source issue (source value likely stale/mis-scaled; ratio engine value used for analytics)
GAIL | 2017-03 | ROE_ANOMALY | computed=8.58% source=14.00% diff=5.42pp | category=data source issue (source value likely stale/mis-scaled; ratio engine value used for analytics)
GAIL | 2019-03 | ROCE_ANOMALY | computed=24.17% source=14.70% diff=9.47pp | category=version difference
GAIL | 2020-03 | ROCE_ANOMALY | computed=22.82% source=14.70% diff=8.12pp | category=version difference
GAIL | 2020-03 | ROE_ANOMALY | computed=19.31% source=14.00% diff=5.31pp | category=data source issue (source value likely stale/mis-scaled; ratio engine value used for analytics)
GAIL | 2022-03 | ROCE_ANOMALY | computed=24.66% source=14.70% diff=9.96pp | category=version difference
GAIL | 2022-03 | ROE_ANOMALY | computed=19.19% source=14.00% diff=5.19pp | category=data source issue (source value likely stale/mis-scaled; ratio engine value used for analytics)
GAIL | 2023-03 | ROE_ANOMALY | computed=8.62% source=14.00% diff=5.38pp | category=data source issue (source value likely stale/mis-scaled; ratio engine value used for analytics)
GODREJCP | 2013-03 | ROCE_ANOMALY | computed=20.61% source=26.49% diff=5.88pp | category=version difference
GODREJCP | 2013-03 | ROE_ANOMALY | computed=25.51% source=6.77% diff=18.74pp | category=data source issue (source value likely stale/mis-scaled; ratio engine value used for analytics)
GODREJCP | 2014-03 | ROCE_ANOMALY | computed=20.02% source=26.49% diff=6.47pp | category=version difference
GODREJCP | 2014-03 | ROE_ANOMALY | computed=21.70% source=6.77% diff=14.93pp | category=data source issue (source value likely stale/mis-scaled; ratio engine value used for analytics)
GODREJCP | 2015-03 | ROCE_ANOMALY | computed=20.66% source=26.49% diff=5.83pp | category=version difference
GODREJCP | 2015-03 | ROE_ANOMALY | computed=22.64% source=6.77% diff=15.87pp | category=data source issue (source value likely stale/mis-scaled; ratio engine value used for analytics)
GODREJCP | 2016-03 | ROCE_ANOMALY | computed=19.49% source=26.49% diff=7.00pp | category=version difference
GODREJCP | 2016-03 | ROE_ANOMALY | computed=19.48% source=6.77% diff=12.71pp | category=data source issue (source value likely stale/mis-scaled; ratio engine value used for analytics)
GODREJCP | 2017-03 | ROCE_ANOMALY | computed=21.32% source=26.49% diff=5.17pp | category=version difference
GODREJCP | 2017-03 | ROE_ANOMALY | computed=24.67% source=6.77% diff=17.90pp | category=data source issue (source value likely stale/mis-scaled; ratio engine value used for analytics)
GODREJCP | 2018-03 | ROE_ANOMALY | computed=26.11% source=6.77% diff=19.34pp | category=data source issue (source value likely stale/mis-scaled; ratio engine value used for analytics)
GODREJCP | 2019-03 | ROE_ANOMALY | computed=32.23% source=6.77% diff=25.46pp | category=data source issue (source value likely stale/mis-scaled; ratio engine value used for analytics)
GODREJCP | 2020-03 | ROCE_ANOMALY | computed=19.05% source=26.49% diff=7.44pp | category=version difference
GODREJCP | 2020-03 | ROE_ANOMALY | computed=18.95% source=6.77% diff=12.18pp | category=data source issue (source value likely stale/mis-scaled; ratio engine value used for analytics)
GODREJCP | 2021-03 | ROCE_ANOMALY | computed=21.43% source=26.49% diff=5.06pp | category=version difference
GODREJCP | 2021-03 | ROE_ANOMALY | computed=18.23% source=6.77% diff=11.46pp | category=data source issue (source value likely stale/mis-scaled; ratio engine value used for analytics)
GODREJCP | 2022-03 | ROCE_ANOMALY | computed=18.76% source=26.49% diff=7.73pp | category=version difference
GODREJCP | 2022-03 | ROE_ANOMALY | computed=15.43% source=6.77% diff=8.66pp | category=data source issue (source value likely stale/mis-scaled; ratio engine value used for analytics)
GODREJCP | 2023-03 | ROCE_ANOMALY | computed=17.13% source=26.49% diff=9.36pp | category=version difference
GODREJCP | 2023-03 | ROE_ANOMALY | computed=12.34% source=6.77% diff=5.57pp | category=data source issue (source value likely stale/mis-scaled; ratio engine value used for analytics)
GODREJCP | 2024-03 | ROCE_ANOMALY | computed=4.73% source=26.49% diff=21.76pp | category=version difference
GODREJCP | 2024-03 | ROE_ANOMALY | computed=-4.45% source=6.77% diff=11.22pp | category=data source issue (source value likely stale/mis-scaled; ratio engine value used for analytics)
GRASIM | 2013-03 | ROCE_ANOMALY | computed=23.10% source=9.30% diff=13.80pp | category=version difference
GRASIM | 2013-03 | ROE_ANOMALY | computed=19.22% source=6.90% diff=12.32pp | category=data source issue (source value likely stale/mis-scaled; ratio engine value used for analytics)
GRASIM | 2014-03 | ROCE_ANOMALY | computed=17.55% source=9.30% diff=8.25pp | category=version difference
GRASIM | 2014-03 | ROE_ANOMALY | computed=13.67% source=6.90% diff=6.77pp | category=data source issue (source value likely stale/mis-scaled; ratio engine value used for analytics)
GRASIM | 2015-03 | ROCE_ANOMALY | computed=16.18% source=9.30% diff=6.88pp | category=version difference
GRASIM | 2016-03 | ROCE_ANOMALY | computed=18.11% source=9.30% diff=8.81pp | category=version difference
GRASIM | 2016-03 | ROE_ANOMALY | computed=12.60% source=6.90% diff=5.70pp | category=data source issue (source value likely stale/mis-scaled; ratio engine value used for analytics)
GRASIM | 2017-03 | ROCE_ANOMALY | computed=20.84% source=9.30% diff=11.54pp | category=version difference
GRASIM | 2017-03 | ROE_ANOMALY | computed=13.53% source=6.90% diff=6.63pp | category=data source issue (source value likely stale/mis-scaled; ratio engine value used for analytics)
GRASIM | 2022-03 | ROCE_ANOMALY | computed=14.68% source=9.30% diff=5.38pp | category=version difference
GRASIM | 2022-03 | ROE_ANOMALY | computed=14.80% source=6.90% diff=7.90pp | category=data source issue (source value likely stale/mis-scaled; ratio engine value used for analytics)
GRASIM | 2023-03 | ROE_ANOMALY | computed=14.07% source=6.90% diff=7.17pp | category=data source issue (source value likely stale/mis-scaled; ratio engine value used for analytics)
HAL | 2013-03 | MISSING_BALANCE_SHEET_YEAR | P&L row exists but no matching Balance Sheet row for this period; company-year excluded from financial_ratios | category=data source issue
HAL | 2014-03 | MISSING_BALANCE_SHEET_YEAR | P&L row exists but no matching Balance Sheet row for this period; company-year excluded from financial_ratios | category=data source issue
HAL | 2015-03 | MISSING_BALANCE_SHEET_YEAR | P&L row exists but no matching Balance Sheet row for this period; company-year excluded from financial_ratios | category=data source issue
HAL | 2016-03 | ROCE_ANOMALY | computed=2953.62% source=38.90% diff=2914.72pp | category=version difference
HAL | 2016-03 | ROE_ANOMALY | computed=1665.00% source=28.90% diff=1636.10pp | category=data source issue (source value likely stale/mis-scaled; ratio engine value used for analytics)
HAL | 2017-03 | ROCE_ANOMALY | computed=3170.37% source=38.90% diff=3131.47pp | category=version difference
HAL | 2017-03 | ROE_ANOMALY | computed=1966.92% source=28.90% diff=1938.02pp | category=data source issue (source value likely stale/mis-scaled; ratio engine value used for analytics)
HAL | 2018-03 | ROCE_ANOMALY | computed=3173.68% source=38.90% diff=3134.78pp | category=version difference
HAL | 2018-03 | ROE_ANOMALY | computed=1528.46% source=28.90% diff=1499.56pp | category=data source issue (source value likely stale/mis-scaled; ratio engine value used for analytics)
HAL | 2019-03 | ROCE_ANOMALY | computed=3507.09% source=38.90% diff=3468.19pp | category=version difference
HAL | 2019-03 | ROE_ANOMALY | computed=1763.91% source=28.90% diff=1735.01pp | category=data source issue (source value likely stale/mis-scaled; ratio engine value used for analytics)
HAL | 2020-03 | ROCE_ANOMALY | computed=3782.14% source=38.90% diff=3743.24pp | category=version difference
HAL | 2020-03 | ROE_ANOMALY | computed=2059.42% source=28.90% diff=2030.52pp | category=data source issue (source value likely stale/mis-scaled; ratio engine value used for analytics)
HAL | 2021-03 | ROCE_ANOMALY | computed=3800.67% source=38.90% diff=3761.77pp | category=version difference
HAL | 2021-03 | ROE_ANOMALY | computed=2249.31% source=28.90% diff=2220.41pp | category=data source issue (source value likely stale/mis-scaled; ratio engine value used for analytics)
HAL | 2022-03 | ROCE_ANOMALY | computed=3882.42% source=38.90% diff=3843.52pp | category=version difference
HAL | 2022-03 | ROE_ANOMALY | computed=3324.18% source=28.90% diff=3295.28pp | category=data source issue (source value likely stale/mis-scaled; ratio engine value used for analytics)
HAL | 2023-03 | ROCE_ANOMALY | computed=3723.66% source=38.90% diff=3684.76pp | category=version difference
HAL | 2023-03 | ROE_ANOMALY | computed=3283.05% source=28.90% diff=3254.15pp | category=data source issue (source value likely stale/mis-scaled; ratio engine value used for analytics)
HAL | 2024-03 | ROCE_ANOMALY | computed=3617.39% source=38.90% diff=3578.49pp | category=version difference
HAL | 2024-03 | ROE_ANOMALY | computed=3816.58% source=28.90% diff=3787.68pp | category=data source issue (source value likely stale/mis-scaled; ratio engine value used for analytics)
HAVELLS | 2013-03 | ROCE_ANOMALY | computed=36.96% source=24.40% diff=12.56pp | category=version difference
HAVELLS | 2013-03 | ROE_ANOMALY | computed=40.29% source=18.00% diff=22.29pp | category=data source issue (source value likely stale/mis-scaled; ratio engine value used for analytics)
HAVELLS | 2014-03 | ROCE_ANOMALY | computed=29.85% source=24.40% diff=5.45pp | category=version difference
HAVELLS | 2014-03 | ROE_ANOMALY | computed=26.77% source=18.00% diff=8.77pp | category=data source issue (source value likely stale/mis-scaled; ratio engine value used for analytics)
HAVELLS | 2015-03 | ROCE_ANOMALY | computed=35.82% source=24.40% diff=11.42pp | category=version difference
HAVELLS | 2016-03 | ROCE_ANOMALY | computed=55.20% source=24.40% diff=30.80pp | category=version difference
HAVELLS | 2016-03 | ROE_ANOMALY | computed=42.95% source=18.00% diff=24.95pp | category=data source issue (source value likely stale/mis-scaled; ratio engine value used for analytics)
HAVELLS | 2019-03 | ROCE_ANOMALY | computed=30.59% source=24.40% diff=6.19pp | category=version difference
HAVELLS | 2021-03 | ROCE_ANOMALY | computed=31.17% source=24.40% diff=6.77pp | category=version difference
HCLTECH | 2013-06 | ROCE_ANOMALY | computed=42.31% source=29.60% diff=12.71pp | category=version difference
HCLTECH | 2013-06 | ROE_ANOMALY | computed=30.69% source=23.30% diff=7.39pp | category=data source issue (source value likely stale/mis-scaled; ratio engine value used for analytics)
HCLTECH | 2014-06 | ROCE_ANOMALY | computed=42.36% source=29.60% diff=12.76pp | category=version difference
HCLTECH | 2014-06 | ROE_ANOMALY | computed=33.39% source=23.30% diff=10.09pp | category=data source issue (source value likely stale/mis-scaled; ratio engine value used for analytics)
HCLTECH | 2015-06 | ROCE_ANOMALY | computed=38.65% source=29.60% diff=9.05pp | category=version difference
HCLTECH | 2015-06 | ROE_ANOMALY | computed=30.31% source=23.30% diff=7.01pp | category=data source issue (source value likely stale/mis-scaled; ratio engine value used for analytics)
HCLTECH | 2024-03 | ROCE_ANOMALY | computed=34.71% source=29.60% diff=5.11pp | category=version difference
HDFCBANK | 2013-03 | OPM_MISMATCH | computed=35.22% reported=3534.00% | category=formula discrepancy
HDFCBANK | 2013-03 | FINANCIALS_SECTOR_CARVEOUT | high_leverage_flag suppressed (structurally normal for banks/NBFCs/insurance) | category=data source issue
HDFCBANK | 2014-03 | OPM_MISMATCH | computed=31.74% reported=5602.00% | category=formula discrepancy
HDFCBANK | 2014-03 | FINANCIALS_SECTOR_CARVEOUT | high_leverage_flag suppressed (structurally normal for banks/NBFCs/insurance) | category=data source issue
HDFCBANK | 2015-03 | OPM_MISMATCH | computed=31.90% reported=7214.00% | category=formula discrepancy
HDFCBANK | 2015-03 | FINANCIALS_SECTOR_CARVEOUT | high_leverage_flag suppressed (structurally normal for banks/NBFCs/insurance) | category=data source issue
HDFCBANK | 2016-03 | OPM_MISMATCH | computed=31.75% reported=9037.00% | category=formula discrepancy
HDFCBANK | 2016-03 | FINANCIALS_SECTOR_CARVEOUT | high_leverage_flag suppressed (structurally normal for banks/NBFCs/insurance) | category=data source issue
HDFCBANK | 2017-03 | OPM_MISMATCH | computed=32.56% reported=11374.00% | category=formula discrepancy
HDFCBANK | 2017-03 | FINANCIALS_SECTOR_CARVEOUT | high_leverage_flag suppressed (structurally normal for banks/NBFCs/insurance) | category=data source issue
HDFCBANK | 2018-03 | OPM_MISMATCH | computed=34.63% reported=13374.00% | category=formula discrepancy
HDFCBANK | 2018-03 | FINANCIALS_SECTOR_CARVEOUT | high_leverage_flag suppressed (structurally normal for banks/NBFCs/insurance) | category=data source issue
HDFCBANK | 2019-03 | OPM_MISMATCH | computed=33.15% reported=16592.00% | category=formula discrepancy
HDFCBANK | 2019-03 | FINANCIALS_SECTOR_CARVEOUT | high_leverage_flag suppressed (structurally normal for banks/NBFCs/insurance) | category=data source issue
HDFCBANK | 2020-03 | OPM_MISMATCH | computed=37.20% reported=14593.00% | category=formula discrepancy
HDFCBANK | 2020-03 | FINANCIALS_SECTOR_CARVEOUT | high_leverage_flag suppressed (structurally normal for banks/NBFCs/insurance) | category=data source issue
HDFCBANK | 2021-03 | OPM_MISMATCH | computed=40.81% reported=16848.00% | category=formula discrepancy
HDFCBANK | 2021-03 | FINANCIALS_SECTOR_CARVEOUT | high_leverage_flag suppressed (structurally normal for banks/NBFCs/insurance) | category=data source issue
HDFCBANK | 2022-03 | OPM_MISMATCH | computed=41.61% reported=20795.00% | category=formula discrepancy
HDFCBANK | 2022-03 | FINANCIALS_SECTOR_CARVEOUT | high_leverage_flag suppressed (structurally normal for banks/NBFCs/insurance) | category=data source issue
HDFCBANK | 2023-03 | OPM_MISMATCH | computed=36.92% reported=29932.00% | category=formula discrepancy
HDFCBANK | 2023-03 | FINANCIALS_SECTOR_CARVEOUT | high_leverage_flag suppressed (structurally normal for banks/NBFCs/insurance) | category=data source issue
HDFCBANK | 2023-03 | ROCE_ANOMALY | computed=2.60% source=7.67% diff=5.07pp | category=version difference
HDFCBANK | 2024-03 | OPM_MISMATCH | computed=61.41% reported=-44685.00% | category=formula discrepancy
HDFCBANK | 2024-03 | FINANCIALS_SECTOR_CARVEOUT | high_leverage_flag suppressed (structurally normal for banks/NBFCs/insurance) | category=data source issue
HDFCLIFE | 2013-03 | OPM_MISMATCH | computed=96.27% reported=525.00% | category=formula discrepancy
HDFCLIFE | 2013-03 | FINANCIALS_SECTOR_CARVEOUT | high_leverage_flag suppressed (structurally normal for banks/NBFCs/insurance) | category=data source issue
HDFCLIFE | 2013-03 | ROCE_ANOMALY | computed=1012.64% source=6.61% diff=1006.03pp | category=version difference
HDFCLIFE | 2013-03 | ROE_ANOMALY | computed=33.43% source=11.40% diff=22.03pp | category=data source issue (source value likely stale/mis-scaled; ratio engine value used for analytics)
HDFCLIFE | 2014-03 | OPM_MISMATCH | computed=96.48% reported=605.00% | category=formula discrepancy
HDFCLIFE | 2014-03 | FINANCIALS_SECTOR_CARVEOUT | high_leverage_flag suppressed (structurally normal for banks/NBFCs/insurance) | category=data source issue
HDFCLIFE | 2014-03 | ROCE_ANOMALY | computed=859.18% source=6.61% diff=852.57pp | category=version difference
HDFCLIFE | 2014-03 | ROE_ANOMALY | computed=37.60% source=11.40% diff=26.20pp | category=data source issue (source value likely stale/mis-scaled; ratio engine value used for analytics)
HDFCLIFE | 2015-03 | OPM_MISMATCH | computed=96.79% reported=874.00% | category=formula discrepancy
HDFCLIFE | 2015-03 | FINANCIALS_SECTOR_CARVEOUT | high_leverage_flag suppressed (structurally normal for banks/NBFCs/insurance) | category=data source issue
HDFCLIFE | 2015-03 | ROCE_ANOMALY | computed=1036.76% source=6.61% diff=1030.15pp | category=version difference
HDFCLIFE | 2015-03 | ROE_ANOMALY | computed=30.93% source=11.40% diff=19.53pp | category=data source issue (source value likely stale/mis-scaled; ratio engine value used for analytics)
HDFCLIFE | 2016-03 | OPM_MISMATCH | computed=94.74% reported=953.00% | category=formula discrepancy
HDFCLIFE | 2016-03 | FINANCIALS_SECTOR_CARVEOUT | high_leverage_flag suppressed (structurally normal for banks/NBFCs/insurance) | category=data source issue
HDFCLIFE | 2016-03 | ROCE_ANOMALY | computed=554.04% source=6.61% diff=547.43pp | category=version difference
HDFCLIFE | 2016-03 | ROE_ANOMALY | computed=26.33% source=11.40% diff=14.93pp | category=data source issue (source value likely stale/mis-scaled; ratio engine value used for analytics)
HDFCLIFE | 2017-03 | OPM_MISMATCH | computed=96.83% reported=972.00% | category=formula discrepancy
HDFCLIFE | 2017-03 | FINANCIALS_SECTOR_CARVEOUT | high_leverage_flag suppressed (structurally normal for banks/NBFCs/insurance) | category=data source issue
HDFCLIFE | 2017-03 | ROCE_ANOMALY | computed=775.67% source=6.61% diff=769.06pp | category=version difference
HDFCLIFE | 2017-03 | ROE_ANOMALY | computed=23.18% source=11.40% diff=11.78pp | category=data source issue (source value likely stale/mis-scaled; ratio engine value used for analytics)
HDFCLIFE | 2018-03 | OPM_MISMATCH | computed=96.67% reported=1074.00% | category=formula discrepancy
HDFCLIFE | 2018-03 | FINANCIALS_SECTOR_CARVEOUT | high_leverage_flag suppressed (structurally normal for banks/NBFCs/insurance) | category=data source issue
HDFCLIFE | 2018-03 | ROCE_ANOMALY | computed=662.89% source=6.61% diff=656.28pp | category=version difference
HDFCLIFE | 2018-03 | ROE_ANOMALY | computed=23.53% source=11.40% diff=12.13pp | category=data source issue (source value likely stale/mis-scaled; ratio engine value used for analytics)
HDFCLIFE | 2019-03 | OPM_MISMATCH | computed=96.87% reported=1215.00% | category=formula discrepancy
HDFCLIFE | 2019-03 | FINANCIALS_SECTOR_CARVEOUT | high_leverage_flag suppressed (structurally normal for banks/NBFCs/insurance) | category=data source issue
HDFCLIFE | 2019-03 | ROCE_ANOMALY | computed=667.19% source=6.61% diff=660.58pp | category=version difference
HDFCLIFE | 2019-03 | ROE_ANOMALY | computed=22.65% source=11.40% diff=11.25pp | category=data source issue (source value likely stale/mis-scaled; ratio engine value used for analytics)
HDFCLIFE | 2020-03 | OPM_MISMATCH | computed=96.12% reported=1141.00% | category=formula discrepancy
HDFCLIFE | 2020-03 | FINANCIALS_SECTOR_CARVEOUT | high_leverage_flag suppressed (structurally normal for banks/NBFCs/insurance) | category=data source issue
HDFCLIFE | 2020-03 | ROCE_ANOMALY | computed=414.91% source=6.61% diff=408.30pp | category=version difference
HDFCLIFE | 2020-03 | ROE_ANOMALY | computed=19.05% source=11.40% diff=7.65pp | category=data source issue (source value likely stale/mis-scaled; ratio engine value used for analytics)
HDFCLIFE | 2021-03 | OPM_MISMATCH | computed=98.27% reported=1235.00% | category=formula discrepancy
HDFCLIFE | 2021-03 | FINANCIALS_SECTOR_CARVEOUT | high_leverage_flag suppressed (structurally normal for banks/NBFCs/insurance) | category=data source issue
HDFCLIFE | 2021-03 | ROCE_ANOMALY | computed=760.78% source=6.61% diff=754.17pp | category=version difference
HDFCLIFE | 2022-03 | OPM_MISMATCH | computed=98.84% reported=778.00% | category=formula discrepancy
HDFCLIFE | 2022-03 | FINANCIALS_SECTOR_CARVEOUT | high_leverage_flag suppressed (structurally normal for banks/NBFCs/insurance) | category=data source issue
HDFCLIFE | 2022-03 | ROCE_ANOMALY | computed=409.21% source=6.61% diff=402.60pp | category=version difference
HDFCLIFE | 2023-03 | OPM_MISMATCH | computed=99.89% reported=80.00% | category=formula discrepancy
HDFCLIFE | 2023-03 | FINANCIALS_SECTOR_CARVEOUT | high_leverage_flag suppressed (structurally normal for banks/NBFCs/insurance) | category=data source issue
HDFCLIFE | 2023-03 | ROCE_ANOMALY | computed=502.95% source=6.61% diff=496.34pp | category=version difference
HDFCLIFE | 2024-03 | OPM_MISMATCH | computed=99.48% reported=531.00% | category=formula discrepancy
HDFCLIFE | 2024-03 | FINANCIALS_SECTOR_CARVEOUT | high_leverage_flag suppressed (structurally normal for banks/NBFCs/insurance) | category=data source issue
HDFCLIFE | 2024-03 | ROCE_ANOMALY | computed=646.47% source=6.61% diff=639.86pp | category=version difference
HEROMOTOCO | 2014-03 | OPM_MISMATCH | computed=85.94% reported=3553.00% | category=formula discrepancy
HEROMOTOCO | 2014-03 | ROCE_ANOMALY | computed=367.97% source=29.10% diff=338.87pp | category=version difference
HEROMOTOCO | 2014-03 | ROE_ANOMALY | computed=37.38% source=22.00% diff=15.38pp | category=data source issue (source value likely stale/mis-scaled; ratio engine value used for analytics)
HEROMOTOCO | 2015-03 | OPM_MISMATCH | computed=87.22% reported=3520.00% | category=formula discrepancy
HEROMOTOCO | 2015-03 | ROCE_ANOMALY | computed=361.91% source=29.10% diff=332.81pp | category=version difference
HEROMOTOCO | 2015-03 | ROE_ANOMALY | computed=36.15% source=22.00% diff=14.15pp | category=data source issue (source value likely stale/mis-scaled; ratio engine value used for analytics)
HEROMOTOCO | 2016-03 | OPM_MISMATCH | computed=84.45% reported=4424.00% | category=formula discrepancy
HEROMOTOCO | 2016-03 | ROCE_ANOMALY | computed=265.27% source=29.10% diff=236.17pp | category=version difference
HEROMOTOCO | 2016-03 | ROE_ANOMALY | computed=35.23% source=22.00% diff=13.23pp | category=data source issue (source value likely stale/mis-scaled; ratio engine value used for analytics)
HEROMOTOCO | 2017-03 | OPM_MISMATCH | computed=83.97% reported=4585.00% | category=formula discrepancy
HEROMOTOCO | 2017-03 | ROCE_ANOMALY | computed=227.30% source=29.10% diff=198.20pp | category=version difference
HEROMOTOCO | 2017-03 | ROE_ANOMALY | computed=34.37% source=22.00% diff=12.37pp | category=data source issue (source value likely stale/mis-scaled; ratio engine value used for analytics)
HEROMOTOCO | 2018-03 | OPM_MISMATCH | computed=83.57% reported=5334.00% | category=formula discrepancy
HEROMOTOCO | 2018-03 | ROCE_ANOMALY | computed=222.46% source=29.10% diff=193.36pp | category=version difference
HEROMOTOCO | 2018-03 | ROE_ANOMALY | computed=31.09% source=22.00% diff=9.09pp | category=data source issue (source value likely stale/mis-scaled; ratio engine value used for analytics)
HEROMOTOCO | 2019-03 | OPM_MISMATCH | computed=85.21% reported=5025.00% | category=formula discrepancy
HEROMOTOCO | 2019-03 | ROCE_ANOMALY | computed=215.61% source=29.10% diff=186.51pp | category=version difference
HEROMOTOCO | 2020-03 | OPM_MISMATCH | computed=86.09% reported=4070.00% | category=formula discrepancy
HEROMOTOCO | 2020-03 | ROCE_ANOMALY | computed=169.58% source=29.10% diff=140.48pp | category=version difference
HEROMOTOCO | 2021-03 | OPM_MISMATCH | computed=86.90% reported=4058.00% | category=formula discrepancy
HEROMOTOCO | 2021-03 | ROCE_ANOMALY | computed=168.22% source=29.10% diff=139.12pp | category=version difference
HEROMOTOCO | 2022-03 | OPM_MISMATCH | computed=88.98% reported=3256.00% | category=formula discrepancy
HEROMOTOCO | 2022-03 | ROCE_ANOMALY | computed=159.90% source=29.10% diff=130.80pp | category=version difference
HEROMOTOCO | 2022-03 | ROE_ANOMALY | computed=14.70% source=22.00% diff=7.30pp | category=data source issue (source value likely stale/mis-scaled; ratio engine value used for analytics)
HEROMOTOCO | 2023-03 | OPM_MISMATCH | computed=88.00% reported=4099.00% | category=formula discrepancy
HEROMOTOCO | 2023-03 | ROCE_ANOMALY | computed=174.59% source=29.10% diff=145.49pp | category=version difference
HEROMOTOCO | 2023-03 | ROE_ANOMALY | computed=16.81% source=22.00% diff=5.19pp | category=data source issue (source value likely stale/mis-scaled; ratio engine value used for analytics)
HEROMOTOCO | 2024-03 | OPM_MISMATCH | computed=86.15% reported=5235.00% | category=formula discrepancy
HEROMOTOCO | 2024-03 | ROCE_ANOMALY | computed=177.92% source=29.10% diff=148.82pp | category=version difference
HINDALCO | 2013-03 | OPM_MISMATCH | computed=90.40% reported=7699.00% | category=formula discrepancy
HINDALCO | 2013-03 | ROCE_ANOMALY | computed=78.57% source=11.30% diff=67.27pp | category=version difference
HINDALCO | 2014-03 | OPM_MISMATCH | computed=90.85% reported=8024.00% | category=formula discrepancy
HINDALCO | 2014-03 | ROCE_ANOMALY | computed=75.63% source=11.30% diff=64.33pp | category=version difference
HINDALCO | 2015-03 | OPM_MISMATCH | computed=91.52% reported=8844.00% | category=formula discrepancy
HINDALCO | 2015-03 | ROCE_ANOMALY | computed=89.37% source=11.30% diff=78.07pp | category=version difference
HINDALCO | 2015-03 | ROE_ANOMALY | computed=0.68% source=10.20% diff=9.52pp | category=data source issue (source value likely stale/mis-scaled; ratio engine value used for analytics)
HINDALCO | 2016-03 | OPM_MISMATCH | computed=92.12% reported=7778.00% | category=formula discrepancy
HINDALCO | 2016-03 | ROCE_ANOMALY | computed=84.12% source=11.30% diff=72.82pp | category=version difference
HINDALCO | 2016-03 | ROE_ANOMALY | computed=-1.73% source=10.20% diff=11.93pp | category=data source issue (source value likely stale/mis-scaled; ratio engine value used for analytics)
HINDALCO | 2017-03 | OPM_MISMATCH | computed=87.71% reported=12317.00% | category=formula discrepancy
HINDALCO | 2017-03 | ROCE_ANOMALY | computed=79.98% source=11.30% diff=68.68pp | category=version difference
HINDALCO | 2017-03 | ROE_ANOMALY | computed=4.09% source=10.20% diff=6.11pp | category=data source issue (source value likely stale/mis-scaled; ratio engine value used for analytics)
HINDALCO | 2018-03 | OPM_MISMATCH | computed=88.11% reported=13695.00% | category=formula discrepancy
HINDALCO | 2018-03 | ROCE_ANOMALY | computed=94.93% source=11.30% diff=83.63pp | category=version difference
HINDALCO | 2019-03 | OPM_MISMATCH | computed=88.12% reported=15511.00% | category=formula discrepancy
HINDALCO | 2019-03 | ROCE_ANOMALY | computed=104.66% source=11.30% diff=93.36pp | category=version difference
HINDALCO | 2020-03 | OPM_MISMATCH | computed=87.89% reported=14306.00% | category=formula discrepancy
HINDALCO | 2020-03 | ROCE_ANOMALY | computed=81.95% source=11.30% diff=70.65pp | category=version difference
HINDALCO | 2021-03 | OPM_MISMATCH | computed=86.70% reported=17559.00% | category=formula discrepancy
HINDALCO | 2021-03 | ROCE_ANOMALY | computed=85.59% source=11.30% diff=74.29pp | category=version difference
HINDALCO | 2022-03 | OPM_MISMATCH | computed=85.47% reported=28347.00% | category=formula discrepancy
HINDALCO | 2022-03 | ROCE_ANOMALY | computed=116.86% source=11.30% diff=105.56pp | category=version difference
HINDALCO | 2022-03 | ROE_ANOMALY | computed=17.56% source=10.20% diff=7.36pp | category=data source issue (source value likely stale/mis-scaled; ratio engine value used for analytics)
HINDALCO | 2023-03 | OPM_MISMATCH | computed=89.85% reported=22666.00% | category=formula discrepancy
HINDALCO | 2023-03 | ROCE_ANOMALY | computed=129.30% source=11.30% diff=118.00pp | category=version difference
HINDALCO | 2024-03 | OPM_MISMATCH | computed=88.95% reported=23872.00% | category=formula discrepancy
HINDALCO | 2024-03 | ROCE_ANOMALY | computed=118.21% source=11.30% diff=106.91pp | category=version difference
HINDUNILVR | 2013-03 | OPM_MISMATCH | computed=84.37% reported=4220.00% | category=formula discrepancy
HINDUNILVR | 2013-03 | ROCE_ANOMALY | computed=788.93% source=27.20% diff=761.73pp | category=version difference
HINDUNILVR | 2013-03 | ROE_ANOMALY | computed=134.00% source=20.20% diff=113.80pp | category=data source issue (source value likely stale/mis-scaled; ratio engine value used for analytics)
HINDUNILVR | 2014-03 | OPM_MISMATCH | computed=83.72% reported=4759.00% | category=formula discrepancy
HINDUNILVR | 2014-03 | ROCE_ANOMALY | computed=683.53% source=27.20% diff=656.33pp | category=version difference
HINDUNILVR | 2014-03 | ROE_ANOMALY | computed=111.85% source=20.20% diff=91.65pp | category=data source issue (source value likely stale/mis-scaled; ratio engine value used for analytics)
HINDUNILVR | 2015-03 | OPM_MISMATCH | computed=83.07% reported=5412.00% | category=formula discrepancy
HINDUNILVR | 2015-03 | ROCE_ANOMALY | computed=653.00% source=27.20% diff=625.80pp | category=version difference
HINDUNILVR | 2015-03 | ROE_ANOMALY | computed=108.67% source=20.20% diff=88.47pp | category=data source issue (source value likely stale/mis-scaled; ratio engine value used for analytics)
HINDUNILVR | 2016-03 | OPM_MISMATCH | computed=81.64% reported=5910.00% | category=formula discrepancy
HINDUNILVR | 2016-03 | ROCE_ANOMALY | computed=389.54% source=27.20% diff=362.34pp | category=version difference
HINDUNILVR | 2016-03 | ROE_ANOMALY | computed=63.15% source=20.20% diff=42.95pp | category=data source issue (source value likely stale/mis-scaled; ratio engine value used for analytics)
HINDUNILVR | 2017-03 | OPM_MISMATCH | computed=80.92% reported=6328.00% | category=formula discrepancy
HINDUNILVR | 2017-03 | ROCE_ANOMALY | computed=382.47% source=27.20% diff=355.27pp | category=version difference
HINDUNILVR | 2017-03 | ROE_ANOMALY | computed=66.58% source=20.20% diff=46.38pp | category=data source issue (source value likely stale/mis-scaled; ratio engine value used for analytics)
HINDUNILVR | 2018-03 | OPM_MISMATCH | computed=78.90% reported=7499.00% | category=formula discrepancy
HINDUNILVR | 2018-03 | ROCE_ANOMALY | computed=385.48% source=27.20% diff=358.28pp | category=version difference
HINDUNILVR | 2018-03 | ROE_ANOMALY | computed=71.79% source=20.20% diff=51.59pp | category=data source issue (source value likely stale/mis-scaled; ratio engine value used for analytics)
HINDUNILVR | 2019-03 | OPM_MISMATCH | computed=77.41% reported=8880.00% | category=formula discrepancy
HINDUNILVR | 2019-03 | ROCE_ANOMALY | computed=382.29% source=27.20% diff=355.09pp | category=version difference
HINDUNILVR | 2019-03 | ROE_ANOMALY | computed=77.03% source=20.20% diff=56.83pp | category=data source issue (source value likely stale/mis-scaled; ratio engine value used for analytics)
HINDUNILVR | 2020-03 | OPM_MISMATCH | computed=75.21% reported=9861.00% | category=formula discrepancy
HINDUNILVR | 2020-03 | ROCE_ANOMALY | computed=363.92% source=27.20% diff=336.72pp | category=version difference
HINDUNILVR | 2020-03 | ROE_ANOMALY | computed=82.10% source=20.20% diff=61.90pp | category=data source issue (source value likely stale/mis-scaled; ratio engine value used for analytics)
HINDUNILVR | 2021-03 | OPM_MISMATCH | computed=75.28% reported=11626.00% | category=formula discrepancy
HINDUNILVR | 2021-03 | ROCE_ANOMALY | computed=74.31% source=27.20% diff=47.11pp | category=version difference
HINDUNILVR | 2022-03 | OPM_MISMATCH | computed=75.49% reported=12857.00% | category=formula discrepancy
HINDUNILVR | 2022-03 | ROCE_ANOMALY | computed=79.06% source=27.20% diff=51.86pp | category=version difference
HINDUNILVR | 2023-03 | OPM_MISMATCH | computed=76.65% reported=14147.00% | category=formula discrepancy
HINDUNILVR | 2023-03 | ROCE_ANOMALY | computed=90.17% source=27.20% diff=62.97pp | category=version difference
HINDUNILVR | 2024-03 | OPM_MISMATCH | computed=76.32% reported=14659.00% | category=formula discrepancy
HINDUNILVR | 2024-03 | ROCE_ANOMALY | computed=89.68% source=27.20% diff=62.48pp | category=version difference
ICICIBANK | 2013-03 | OPM_MISMATCH | computed=70.59% reported=-15085.00% | category=formula discrepancy
ICICIBANK | 2013-03 | FINANCIALS_SECTOR_CARVEOUT | high_leverage_flag suppressed (structurally normal for banks/NBFCs/insurance) | category=data source issue
ICICIBANK | 2014-03 | OPM_MISMATCH | computed=66.40% reported=-13084.00% | category=formula discrepancy
ICICIBANK | 2014-03 | FINANCIALS_SECTOR_CARVEOUT | high_leverage_flag suppressed (structurally normal for banks/NBFCs/insurance) | category=data source issue
ICICIBANK | 2015-03 | OPM_MISMATCH | computed=70.53% reported=-16120.00% | category=formula discrepancy
ICICIBANK | 2015-03 | FINANCIALS_SECTOR_CARVEOUT | high_leverage_flag suppressed (structurally normal for banks/NBFCs/insurance) | category=data source issue
ICICIBANK | 2016-03 | OPM_MISMATCH | computed=88.12% reported=-26955.00% | category=formula discrepancy
ICICIBANK | 2016-03 | FINANCIALS_SECTOR_CARVEOUT | high_leverage_flag suppressed (structurally normal for banks/NBFCs/insurance) | category=data source issue
ICICIBANK | 2016-03 | ROE_ANOMALY | computed=11.61% source=18.80% diff=7.19pp | category=data source issue (source value likely stale/mis-scaled; ratio engine value used for analytics)
ICICIBANK | 2017-03 | OPM_MISMATCH | computed=104.76% reported=-37737.00% | category=formula discrepancy
ICICIBANK | 2017-03 | FINANCIALS_SECTOR_CARVEOUT | high_leverage_flag suppressed (structurally normal for banks/NBFCs/insurance) | category=data source issue
ICICIBANK | 2017-03 | ROE_ANOMALY | computed=10.84% source=18.80% diff=7.96pp | category=data source issue (source value likely stale/mis-scaled; ratio engine value used for analytics)
ICICIBANK | 2018-03 | OPM_MISMATCH | computed=117.12% reported=-44906.00% | category=formula discrepancy
ICICIBANK | 2018-03 | FINANCIALS_SECTOR_CARVEOUT | high_leverage_flag suppressed (structurally normal for banks/NBFCs/insurance) | category=data source issue
ICICIBANK | 2018-03 | ROE_ANOMALY | computed=8.23% source=18.80% diff=10.57pp | category=data source issue (source value likely stale/mis-scaled; ratio engine value used for analytics)
ICICIBANK | 2019-03 | OPM_MISMATCH | computed=116.38% reported=-50971.00% | category=formula discrepancy
ICICIBANK | 2019-03 | FINANCIALS_SECTOR_CARVEOUT | high_leverage_flag suppressed (structurally normal for banks/NBFCs/insurance) | category=data source issue
ICICIBANK | 2019-03 | ROE_ANOMALY | computed=4.98% source=18.80% diff=13.82pp | category=data source issue (source value likely stale/mis-scaled; ratio engine value used for analytics)
ICICIBANK | 2020-03 | OPM_MISMATCH | computed=100.62% reported=-45190.00% | category=formula discrepancy
ICICIBANK | 2020-03 | FINANCIALS_SECTOR_CARVEOUT | high_leverage_flag suppressed (structurally normal for banks/NBFCs/insurance) | category=data source issue
ICICIBANK | 2020-03 | ROE_ANOMALY | computed=9.13% source=18.80% diff=9.67pp | category=data source issue (source value likely stale/mis-scaled; ratio engine value used for analytics)
ICICIBANK | 2021-03 | OPM_MISMATCH | computed=102.41% reported=-44805.00% | category=formula discrepancy
ICICIBANK | 2021-03 | FINANCIALS_SECTOR_CARVEOUT | high_leverage_flag suppressed (structurally normal for banks/NBFCs/insurance) | category=data source issue
ICICIBANK | 2021-03 | ROE_ANOMALY | computed=12.92% source=18.80% diff=5.88pp | category=data source issue (source value likely stale/mis-scaled; ratio engine value used for analytics)
ICICIBANK | 2022-03 | OPM_MISMATCH | computed=84.69% reported=-26558.00% | category=formula discrepancy
ICICIBANK | 2022-03 | FINANCIALS_SECTOR_CARVEOUT | high_leverage_flag suppressed (structurally normal for banks/NBFCs/insurance) | category=data source issue
ICICIBANK | 2023-03 | OPM_MISMATCH | computed=72.57% reported=-17341.00% | category=formula discrepancy
ICICIBANK | 2023-03 | FINANCIALS_SECTOR_CARVEOUT | high_leverage_flag suppressed (structurally normal for banks/NBFCs/insurance) | category=data source issue
ICICIBANK | 2024-03 | OPM_MISMATCH | computed=62.41% reported=-14152.00% | category=formula discrepancy
ICICIBANK | 2024-03 | FINANCIALS_SECTOR_CARVEOUT | high_leverage_flag suppressed (structurally normal for banks/NBFCs/insurance) | category=data source issue
ICICIGI | 2013-03 | OPM_MISMATCH | computed=104.46% reported=-178.00% | category=formula discrepancy
ICICIGI | 2013-03 | FINANCIALS_SECTOR_CARVEOUT | high_leverage_flag suppressed (structurally normal for banks/NBFCs/insurance) | category=data source issue
ICICIGI | 2013-03 | ROCE_ANOMALY | computed=223.90% source=22.50% diff=201.40pp | category=version difference
ICICIGI | 2014-03 | OPM_MISMATCH | computed=105.19% reported=-225.00% | category=formula discrepancy
ICICIGI | 2014-03 | FINANCIALS_SECTOR_CARVEOUT | high_leverage_flag suppressed (structurally normal for banks/NBFCs/insurance) | category=data source issue
ICICIGI | 2014-03 | ROCE_ANOMALY | computed=191.02% source=22.50% diff=168.52pp | category=version difference
ICICIGI | 2015-03 | OPM_MISMATCH | computed=105.24% reported=-221.00% | category=formula discrepancy
ICICIGI | 2015-03 | FINANCIALS_SECTOR_CARVEOUT | high_leverage_flag suppressed (structurally normal for banks/NBFCs/insurance) | category=data source issue
ICICIGI | 2015-03 | ROCE_ANOMALY | computed=154.23% source=22.50% diff=131.73pp | category=version difference
ICICIGI | 2016-03 | OPM_MISMATCH | computed=87.34% reported=764.00% | category=formula discrepancy
ICICIGI | 2016-03 | FINANCIALS_SECTOR_CARVEOUT | high_leverage_flag suppressed (structurally normal for banks/NBFCs/insurance) | category=data source issue
ICICIGI | 2016-03 | ROCE_ANOMALY | computed=163.18% source=22.50% diff=140.68pp | category=version difference
ICICIGI | 2017-03 | OPM_MISMATCH | computed=87.78% reported=919.00% | category=formula discrepancy
ICICIGI | 2017-03 | FINANCIALS_SECTOR_CARVEOUT | high_leverage_flag suppressed (structurally normal for banks/NBFCs/insurance) | category=data source issue
ICICIGI | 2017-03 | ROCE_ANOMALY | computed=150.78% source=22.50% diff=128.28pp | category=version difference
ICICIGI | 2018-03 | OPM_MISMATCH | computed=103.79% reported=-262.00% | category=formula discrepancy
ICICIGI | 2018-03 | FINANCIALS_SECTOR_CARVEOUT | high_leverage_flag suppressed (structurally normal for banks/NBFCs/insurance) | category=data source issue
ICICIGI | 2018-03 | ROCE_ANOMALY | computed=142.66% source=22.50% diff=120.16pp | category=version difference
ICICIGI | 2019-03 | OPM_MISMATCH | computed=85.05% reported=1669.00% | category=formula discrepancy
ICICIGI | 2019-03 | FINANCIALS_SECTOR_CARVEOUT | high_leverage_flag suppressed (structurally normal for banks/NBFCs/insurance) | category=data source issue
ICICIGI | 2019-03 | ROCE_ANOMALY | computed=161.58% source=22.50% diff=139.08pp | category=version difference
ICICIGI | 2020-03 | OPM_MISMATCH | computed=84.61% reported=1772.00% | category=formula discrepancy
ICICIGI | 2020-03 | FINANCIALS_SECTOR_CARVEOUT | high_leverage_flag suppressed (structurally normal for banks/NBFCs/insurance) | category=data source issue
ICICIGI | 2020-03 | ROCE_ANOMALY | computed=147.45% source=22.50% diff=124.95pp | category=version difference
ICICIGI | 2021-03 | OPM_MISMATCH | computed=82.97% reported=2072.00% | category=formula discrepancy
ICICIGI | 2021-03 | FINANCIALS_SECTOR_CARVEOUT | high_leverage_flag suppressed (structurally normal for banks/NBFCs/insurance) | category=data source issue
ICICIGI | 2021-03 | ROCE_ANOMALY | computed=125.02% source=22.50% diff=102.52pp | category=version difference
ICICIGI | 2022-03 | OPM_MISMATCH | computed=93.66% reported=1016.00% | category=formula discrepancy
ICICIGI | 2022-03 | FINANCIALS_SECTOR_CARVEOUT | high_leverage_flag suppressed (structurally normal for banks/NBFCs/insurance) | category=data source issue
ICICIGI | 2022-03 | ROCE_ANOMALY | computed=158.93% source=22.50% diff=136.43pp | category=version difference
ICICIGI | 2023-03 | OPM_MISMATCH | computed=92.93% reported=1264.00% | category=formula discrepancy
ICICIGI | 2023-03 | FINANCIALS_SECTOR_CARVEOUT | high_leverage_flag suppressed (structurally normal for banks/NBFCs/insurance) | category=data source issue
ICICIGI | 2023-03 | ROCE_ANOMALY | computed=158.59% source=22.50% diff=136.09pp | category=version difference
ICICIGI | 2024-03 | OPM_MISMATCH | computed=87.42% reported=2577.00% | category=formula discrepancy
ICICIGI | 2024-03 | FINANCIALS_SECTOR_CARVEOUT | high_leverage_flag suppressed (structurally normal for banks/NBFCs/insurance) | category=data source issue
ICICIGI | 2024-03 | ROCE_ANOMALY | computed=146.43% source=22.50% diff=123.93pp | category=version difference
ICICIPRULI | 2013-03 | OPM_MISMATCH | computed=96.28% reported=745.00% | category=formula discrepancy
ICICIPRULI | 2013-03 | FINANCIALS_SECTOR_CARVEOUT | high_leverage_flag suppressed (structurally normal for banks/NBFCs/insurance) | category=data source issue
ICICIPRULI | 2013-03 | ROCE_ANOMALY | computed=486.85% source=8.75% diff=478.10pp | category=version difference
ICICIPRULI | 2013-03 | ROE_ANOMALY | computed=38.25% source=8.07% diff=30.18pp | category=data source issue (source value likely stale/mis-scaled; ratio engine value used for analytics)
ICICIPRULI | 2014-03 | OPM_MISMATCH | computed=93.13% reported=1504.00% | category=formula discrepancy
ICICIPRULI | 2014-03 | FINANCIALS_SECTOR_CARVEOUT | high_leverage_flag suppressed (structurally normal for banks/NBFCs/insurance) | category=data source issue
ICICIPRULI | 2014-03 | ROCE_ANOMALY | computed=465.23% source=8.75% diff=456.48pp | category=version difference
ICICIPRULI | 2014-03 | ROE_ANOMALY | computed=35.61% source=8.07% diff=27.54pp | category=data source issue (source value likely stale/mis-scaled; ratio engine value used for analytics)
ICICIPRULI | 2015-03 | OPM_MISMATCH | computed=95.20% reported=1655.00% | category=formula discrepancy
ICICIPRULI | 2015-03 | FINANCIALS_SECTOR_CARVEOUT | high_leverage_flag suppressed (structurally normal for banks/NBFCs/insurance) | category=data source issue
ICICIPRULI | 2015-03 | ROCE_ANOMALY | computed=623.04% source=8.75% diff=614.29pp | category=version difference
ICICIPRULI | 2015-03 | ROE_ANOMALY | computed=31.15% source=8.07% diff=23.08pp | category=data source issue (source value likely stale/mis-scaled; ratio engine value used for analytics)
ICICIPRULI | 2016-03 | OPM_MISMATCH | computed=91.17% reported=1842.00% | category=formula discrepancy
ICICIPRULI | 2016-03 | FINANCIALS_SECTOR_CARVEOUT | high_leverage_flag suppressed (structurally normal for banks/NBFCs/insurance) | category=data source issue
ICICIPRULI | 2016-03 | ROCE_ANOMALY | computed=299.39% source=8.75% diff=290.64pp | category=version difference
ICICIPRULI | 2016-03 | ROE_ANOMALY | computed=31.00% source=8.07% diff=22.93pp | category=data source issue (source value likely stale/mis-scaled; ratio engine value used for analytics)
ICICIPRULI | 2017-03 | OPM_MISMATCH | computed=95.22% reported=1806.00% | category=formula discrepancy
ICICIPRULI | 2017-03 | FINANCIALS_SECTOR_CARVEOUT | high_leverage_flag suppressed (structurally normal for banks/NBFCs/insurance) | category=data source issue
ICICIPRULI | 2017-03 | ROCE_ANOMALY | computed=562.21% source=8.75% diff=553.46pp | category=version difference
ICICIPRULI | 2017-03 | ROE_ANOMALY | computed=26.26% source=8.07% diff=18.19pp | category=data source issue (source value likely stale/mis-scaled; ratio engine value used for analytics)
ICICIPRULI | 2018-03 | OPM_MISMATCH | computed=95.44% reported=1771.00% | category=formula discrepancy
ICICIPRULI | 2018-03 | FINANCIALS_SECTOR_CARVEOUT | high_leverage_flag suppressed (structurally normal for banks/NBFCs/insurance) | category=data source issue
ICICIPRULI | 2018-03 | ROCE_ANOMALY | computed=563.84% source=8.75% diff=555.09pp | category=version difference
ICICIPRULI | 2018-03 | ROE_ANOMALY | computed=24.63% source=8.07% diff=16.56pp | category=data source issue (source value likely stale/mis-scaled; ratio engine value used for analytics)
ICICIPRULI | 2019-03 | OPM_MISMATCH | computed=98.70% reported=541.00% | category=formula discrepancy
ICICIPRULI | 2019-03 | FINANCIALS_SECTOR_CARVEOUT | high_leverage_flag suppressed (structurally normal for banks/NBFCs/insurance) | category=data source issue
ICICIPRULI | 2019-03 | ROCE_ANOMALY | computed=595.59% source=8.75% diff=586.84pp | category=version difference
ICICIPRULI | 2019-03 | ROE_ANOMALY | computed=16.58% source=8.07% diff=8.51pp | category=data source issue (source value likely stale/mis-scaled; ratio engine value used for analytics)
ICICIPRULI | 2020-03 | OPM_MISMATCH | computed=101.52% reported=-319.00% | category=formula discrepancy
ICICIPRULI | 2020-03 | FINANCIALS_SECTOR_CARVEOUT | high_leverage_flag suppressed (structurally normal for banks/NBFCs/insurance) | category=data source issue
ICICIPRULI | 2020-03 | ROCE_ANOMALY | computed=295.88% source=8.75% diff=287.13pp | category=version difference
ICICIPRULI | 2020-03 | ROE_ANOMALY | computed=14.79% source=8.07% diff=6.72pp | category=data source issue (source value likely stale/mis-scaled; ratio engine value used for analytics)
ICICIPRULI | 2021-03 | OPM_MISMATCH | computed=100.47% reported=-390.00% | category=formula discrepancy
ICICIPRULI | 2021-03 | FINANCIALS_SECTOR_CARVEOUT | high_leverage_flag suppressed (structurally normal for banks/NBFCs/insurance) | category=data source issue
ICICIPRULI | 2021-03 | ROCE_ANOMALY | computed=810.67% source=8.75% diff=801.92pp | category=version difference
ICICIPRULI | 2022-03 | OPM_MISMATCH | computed=103.40% reported=-2163.00% | category=formula discrepancy
ICICIPRULI | 2022-03 | FINANCIALS_SECTOR_CARVEOUT | high_leverage_flag suppressed (structurally normal for banks/NBFCs/insurance) | category=data source issue
ICICIPRULI | 2022-03 | ROCE_ANOMALY | computed=634.53% source=8.75% diff=625.78pp | category=version difference
ICICIPRULI | 2023-03 | OPM_MISMATCH | computed=103.48% reported=-1757.00% | category=formula discrepancy
ICICIPRULI | 2023-03 | FINANCIALS_SECTOR_CARVEOUT | high_leverage_flag suppressed (structurally normal for banks/NBFCs/insurance) | category=data source issue
ICICIPRULI | 2023-03 | ROCE_ANOMALY | computed=462.64% source=8.75% diff=453.89pp | category=version difference
ICICIPRULI | 2024-03 | OPM_MISMATCH | computed=102.03% reported=-1829.00% | category=formula discrepancy
ICICIPRULI | 2024-03 | FINANCIALS_SECTOR_CARVEOUT | high_leverage_flag suppressed (structurally normal for banks/NBFCs/insurance) | category=data source issue
ICICIPRULI | 2024-03 | ROCE_ANOMALY | computed=754.89% source=8.75% diff=746.14pp | category=version difference
INDUSINDBK | 2013-03 | OPM_MISMATCH | computed=27.88% reported=286.00% | category=formula discrepancy
INDUSINDBK | 2013-03 | FINANCIALS_SECTOR_CARVEOUT | high_leverage_flag suppressed (structurally normal for banks/NBFCs/insurance) | category=data source issue
INDUSINDBK | 2013-03 | ROCE_ANOMALY | computed=2.74% source=7.93% diff=5.19pp | category=version difference
INDUSINDBK | 2014-03 | OPM_MISMATCH | computed=30.95% reported=335.00% | category=formula discrepancy
INDUSINDBK | 2014-03 | FINANCIALS_SECTOR_CARVEOUT | high_leverage_flag suppressed (structurally normal for banks/NBFCs/insurance) | category=data source issue
INDUSINDBK | 2015-03 | OPM_MISMATCH | computed=32.33% reported=288.00% | category=formula discrepancy
INDUSINDBK | 2015-03 | FINANCIALS_SECTOR_CARVEOUT | high_leverage_flag suppressed (structurally normal for banks/NBFCs/insurance) | category=data source issue
INDUSINDBK | 2016-03 | OPM_MISMATCH | computed=35.28% reported=329.00% | category=formula discrepancy
INDUSINDBK | 2016-03 | FINANCIALS_SECTOR_CARVEOUT | high_leverage_flag suppressed (structurally normal for banks/NBFCs/insurance) | category=data source issue
INDUSINDBK | 2017-03 | OPM_MISMATCH | computed=39.46% reported=379.00% | category=formula discrepancy
INDUSINDBK | 2017-03 | FINANCIALS_SECTOR_CARVEOUT | high_leverage_flag suppressed (structurally normal for banks/NBFCs/insurance) | category=data source issue
INDUSINDBK | 2018-03 | OPM_MISMATCH | computed=37.93% reported=942.00% | category=formula discrepancy
INDUSINDBK | 2018-03 | FINANCIALS_SECTOR_CARVEOUT | high_leverage_flag suppressed (structurally normal for banks/NBFCs/insurance) | category=data source issue
INDUSINDBK | 2019-03 | OPM_MISMATCH | computed=41.70% reported=-437.00% | category=formula discrepancy
INDUSINDBK | 2019-03 | FINANCIALS_SECTOR_CARVEOUT | high_leverage_flag suppressed (structurally normal for banks/NBFCs/insurance) | category=data source issue
INDUSINDBK | 2020-03 | OPM_MISMATCH | computed=43.81% reported=-553.00% | category=formula discrepancy
INDUSINDBK | 2020-03 | FINANCIALS_SECTOR_CARVEOUT | high_leverage_flag suppressed (structurally normal for banks/NBFCs/insurance) | category=data source issue
INDUSINDBK | 2021-03 | OPM_MISMATCH | computed=55.16% reported=-2469.00% | category=formula discrepancy
INDUSINDBK | 2021-03 | FINANCIALS_SECTOR_CARVEOUT | high_leverage_flag suppressed (structurally normal for banks/NBFCs/insurance) | category=data source issue
INDUSINDBK | 2021-03 | ROE_ANOMALY | computed=6.54% source=15.20% diff=8.66pp | category=data source issue (source value likely stale/mis-scaled; ratio engine value used for analytics)
INDUSINDBK | 2022-03 | OPM_MISMATCH | computed=51.39% reported=-839.00% | category=formula discrepancy
INDUSINDBK | 2022-03 | FINANCIALS_SECTOR_CARVEOUT | high_leverage_flag suppressed (structurally normal for banks/NBFCs/insurance) | category=data source issue
INDUSINDBK | 2022-03 | ROE_ANOMALY | computed=9.67% source=15.20% diff=5.53pp | category=data source issue (source value likely stale/mis-scaled; ratio engine value used for analytics)
INDUSINDBK | 2023-03 | OPM_MISMATCH | computed=42.69% reported=2067.00% | category=formula discrepancy
INDUSINDBK | 2023-03 | FINANCIALS_SECTOR_CARVEOUT | high_leverage_flag suppressed (structurally normal for banks/NBFCs/insurance) | category=data source issue
INDUSINDBK | 2024-03 | OPM_MISMATCH | computed=38.55% reported=2978.00% | category=formula discrepancy
INDUSINDBK | 2024-03 | FINANCIALS_SECTOR_CARVEOUT | high_leverage_flag suppressed (structurally normal for banks/NBFCs/insurance) | category=data source issue
INFY | 2013-03 | ROE_ANOMALY | computed=24.82% source=31.80% diff=6.98pp | category=data source issue (source value likely stale/mis-scaled; ratio engine value used for analytics)
INFY | 2014-03 | ROE_ANOMALY | computed=23.93% source=31.80% diff=7.87pp | category=data source issue (source value likely stale/mis-scaled; ratio engine value used for analytics)
INFY | 2015-03 | ROE_ANOMALY | computed=24.39% source=31.80% diff=7.41pp | category=data source issue (source value likely stale/mis-scaled; ratio engine value used for analytics)
INFY | 2016-03 | ROCE_ANOMALY | computed=32.71% source=40.00% diff=7.29pp | category=version difference
INFY | 2016-03 | ROE_ANOMALY | computed=21.85% source=31.80% diff=9.95pp | category=data source issue (source value likely stale/mis-scaled; ratio engine value used for analytics)
INFY | 2017-03 | ROCE_ANOMALY | computed=31.39% source=40.00% diff=8.61pp | category=version difference
INFY | 2017-03 | ROE_ANOMALY | computed=20.81% source=31.80% diff=10.99pp | category=data source issue (source value likely stale/mis-scaled; ratio engine value used for analytics)
INFY | 2018-03 | ROCE_ANOMALY | computed=34.09% source=40.00% diff=5.91pp | category=version difference
INFY | 2018-03 | ROE_ANOMALY | computed=24.69% source=31.80% diff=7.11pp | category=data source issue (source value likely stale/mis-scaled; ratio engine value used for analytics)
INFY | 2019-03 | ROE_ANOMALY | computed=23.73% source=31.80% diff=8.07pp | category=data source issue (source value likely stale/mis-scaled; ratio engine value used for analytics)
INFY | 2020-03 | ROE_ANOMALY | computed=25.42% source=31.80% diff=6.38pp | category=data source issue (source value likely stale/mis-scaled; ratio engine value used for analytics)
INFY | 2021-03 | ROE_ANOMALY | computed=25.44% source=31.80% diff=6.36pp | category=data source issue (source value likely stale/mis-scaled; ratio engine value used for analytics)
INFY | 2023-03 | ROCE_ANOMALY | computed=45.20% source=40.00% diff=5.20pp | category=version difference
IOC | 2013-03 | ROCE_ANOMALY | computed=11.37% source=21.31% diff=9.94pp | category=version difference
IOC | 2013-03 | ROE_ANOMALY | computed=5.75% source=25.44% diff=19.69pp | category=data source issue (source value likely stale/mis-scaled; ratio engine value used for analytics)
IOC | 2014-03 | ROCE_ANOMALY | computed=13.69% source=21.31% diff=7.62pp | category=version difference
IOC | 2014-03 | ROE_ANOMALY | computed=10.26% source=25.44% diff=15.18pp | category=data source issue (source value likely stale/mis-scaled; ratio engine value used for analytics)
IOC | 2015-03 | ROCE_ANOMALY | computed=12.29% source=21.31% diff=9.02pp | category=version difference
IOC | 2015-03 | ROE_ANOMALY | computed=7.08% source=25.44% diff=18.36pp | category=data source issue (source value likely stale/mis-scaled; ratio engine value used for analytics)
IOC | 2016-03 | ROE_ANOMALY | computed=13.80% source=25.44% diff=11.64pp | category=data source issue (source value likely stale/mis-scaled; ratio engine value used for analytics)
IOC | 2017-03 | ROE_ANOMALY | computed=19.97% source=25.44% diff=5.47pp | category=data source issue (source value likely stale/mis-scaled; ratio engine value used for analytics)
IOC | 2018-03 | ROE_ANOMALY | computed=19.87% source=25.44% diff=5.57pp | category=data source issue (source value likely stale/mis-scaled; ratio engine value used for analytics)
IOC | 2019-03 | ROE_ANOMALY | computed=15.36% source=25.44% diff=10.08pp | category=data source issue (source value likely stale/mis-scaled; ratio engine value used for analytics)
IOC | 2020-03 | ROCE_ANOMALY | computed=3.95% source=21.31% diff=17.36pp | category=version difference
IOC | 2020-03 | ROE_ANOMALY | computed=-1.97% source=25.44% diff=27.41pp | category=data source issue (source value likely stale/mis-scaled; ratio engine value used for analytics)
IOC | 2021-03 | ROE_ANOMALY | computed=19.46% source=25.44% diff=5.98pp | category=data source issue (source value likely stale/mis-scaled; ratio engine value used for analytics)
IOC | 2022-03 | ROE_ANOMALY | computed=19.27% source=25.44% diff=6.17pp | category=data source issue (source value likely stale/mis-scaled; ratio engine value used for analytics)
IOC | 2023-03 | ROCE_ANOMALY | computed=12.40% source=21.31% diff=8.91pp | category=version difference
IOC | 2023-03 | ROE_ANOMALY | computed=8.38% source=25.44% diff=17.06pp | category=data source issue (source value likely stale/mis-scaled; ratio engine value used for analytics)
IRCTC | 2015-03 | ROE_ANOMALY | computed=29.50% source=40.40% diff=10.90pp | category=data source issue (source value likely stale/mis-scaled; ratio engine value used for analytics)
IRCTC | 2016-03 | ROCE_ANOMALY | computed=60.70% source=53.80% diff=6.90pp | category=version difference
IRCTC | 2016-03 | ROE_ANOMALY | computed=34.87% source=40.40% diff=5.53pp | category=data source issue (source value likely stale/mis-scaled; ratio engine value used for analytics)
IRCTC | 2017-03 | ROCE_ANOMALY | computed=48.41% source=53.80% diff=5.39pp | category=version difference
IRCTC | 2017-03 | ROE_ANOMALY | computed=29.10% source=40.40% diff=11.30pp | category=data source issue (source value likely stale/mis-scaled; ratio engine value used for analytics)
IRCTC | 2018-03 | ROCE_ANOMALY | computed=39.06% source=53.80% diff=14.74pp | category=version difference
IRCTC | 2018-03 | ROE_ANOMALY | computed=23.14% source=40.40% diff=17.26pp | category=data source issue (source value likely stale/mis-scaled; ratio engine value used for analytics)
IRCTC | 2019-03 | ROCE_ANOMALY | computed=47.53% source=53.80% diff=6.27pp | category=version difference
IRCTC | 2019-03 | ROE_ANOMALY | computed=28.85% source=40.40% diff=11.55pp | category=data source issue (source value likely stale/mis-scaled; ratio engine value used for analytics)
IRCTC | 2020-03 | ROCE_ANOMALY | computed=59.36% source=53.80% diff=5.56pp | category=version difference
IRCTC | 2021-03 | ROCE_ANOMALY | computed=20.33% source=53.80% diff=33.47pp | category=version difference
IRCTC | 2021-03 | ROE_ANOMALY | computed=12.84% source=40.40% diff=27.56pp | category=data source issue (source value likely stale/mis-scaled; ratio engine value used for analytics)
IRCTC | 2022-03 | ROCE_ANOMALY | computed=47.90% source=53.80% diff=5.90pp | category=version difference
IRCTC | 2022-03 | ROE_ANOMALY | computed=35.29% source=40.40% diff=5.11pp | category=data source issue (source value likely stale/mis-scaled; ratio engine value used for analytics)
IRCTC | 2024-03 | ROCE_ANOMALY | computed=47.78% source=53.80% diff=6.02pp | category=version difference
IRCTC | 2024-03 | ROE_ANOMALY | computed=34.40% source=40.40% diff=6.00pp | category=data source issue (source value likely stale/mis-scaled; ratio engine value used for analytics)
IRFC | 2013-03 | FINANCIALS_SECTOR_CARVEOUT | high_leverage_flag suppressed (structurally normal for banks/NBFCs/insurance) | category=data source issue
IRFC | 2013-03 | ROE_ANOMALY | computed=8.16% source=13.70% diff=5.54pp | category=data source issue (source value likely stale/mis-scaled; ratio engine value used for analytics)
IRFC | 2014-03 | FINANCIALS_SECTOR_CARVEOUT | high_leverage_flag suppressed (structurally normal for banks/NBFCs/insurance) | category=data source issue
IRFC | 2015-03 | FINANCIALS_SECTOR_CARVEOUT | high_leverage_flag suppressed (structurally normal for banks/NBFCs/insurance) | category=data source issue
IRFC | 2016-03 | FINANCIALS_SECTOR_CARVEOUT | high_leverage_flag suppressed (structurally normal for banks/NBFCs/insurance) | category=data source issue
IRFC | 2016-03 | ROE_ANOMALY | computed=7.37% source=13.70% diff=6.33pp | category=data source issue (source value likely stale/mis-scaled; ratio engine value used for analytics)
IRFC | 2017-03 | FINANCIALS_SECTOR_CARVEOUT | high_leverage_flag suppressed (structurally normal for banks/NBFCs/insurance) | category=data source issue
IRFC | 2017-03 | ROE_ANOMALY | computed=7.78% source=13.70% diff=5.92pp | category=data source issue (source value likely stale/mis-scaled; ratio engine value used for analytics)
IRFC | 2018-03 | FINANCIALS_SECTOR_CARVEOUT | high_leverage_flag suppressed (structurally normal for banks/NBFCs/insurance) | category=data source issue
IRFC | 2019-03 | FINANCIALS_SECTOR_CARVEOUT | high_leverage_flag suppressed (structurally normal for banks/NBFCs/insurance) | category=data source issue
IRFC | 2020-03 | FINANCIALS_SECTOR_CARVEOUT | high_leverage_flag suppressed (structurally normal for banks/NBFCs/insurance) | category=data source issue
IRFC | 2021-03 | FINANCIALS_SECTOR_CARVEOUT | high_leverage_flag suppressed (structurally normal for banks/NBFCs/insurance) | category=data source issue
IRFC | 2022-03 | FINANCIALS_SECTOR_CARVEOUT | high_leverage_flag suppressed (structurally normal for banks/NBFCs/insurance) | category=data source issue
IRFC | 2023-03 | FINANCIALS_SECTOR_CARVEOUT | high_leverage_flag suppressed (structurally normal for banks/NBFCs/insurance) | category=data source issue
IRFC | 2024-03 | FINANCIALS_SECTOR_CARVEOUT | high_leverage_flag suppressed (structurally normal for banks/NBFCs/insurance) | category=data source issue
ITC | 2013-03 | ROCE_ANOMALY | computed=51.90% source=34.76% diff=17.14pp | category=version difference
ITC | 2014-03 | ROCE_ANOMALY | computed=51.12% source=34.76% diff=16.36pp | category=version difference
ITC | 2015-03 | ROCE_ANOMALY | computed=48.37% source=34.76% diff=13.61pp | category=version difference
ITC | 2016-03 | ROE_ANOMALY | computed=22.26% source=29.47% diff=7.21pp | category=data source issue (source value likely stale/mis-scaled; ratio engine value used for analytics)
ITC | 2017-03 | ROE_ANOMALY | computed=22.57% source=29.47% diff=6.90pp | category=data source issue (source value likely stale/mis-scaled; ratio engine value used for analytics)
ITC | 2018-03 | ROE_ANOMALY | computed=21.89% source=29.47% diff=7.58pp | category=data source issue (source value likely stale/mis-scaled; ratio engine value used for analytics)
ITC | 2019-03 | ROE_ANOMALY | computed=21.70% source=29.47% diff=7.77pp | category=data source issue (source value likely stale/mis-scaled; ratio engine value used for analytics)
ITC | 2020-03 | ROE_ANOMALY | computed=23.89% source=29.47% diff=5.58pp | category=data source issue (source value likely stale/mis-scaled; ratio engine value used for analytics)
ITC | 2021-03 | ROE_ANOMALY | computed=22.18% source=29.47% diff=7.29pp | category=data source issue (source value likely stale/mis-scaled; ratio engine value used for analytics)
ITC | 2023-03 | ROCE_ANOMALY | computed=40.03% source=34.76% diff=5.27pp | category=version difference
JINDALSTEL | 2014-03 | ROE_ANOMALY | computed=8.39% source=14.10% diff=5.71pp | category=data source issue (source value likely stale/mis-scaled; ratio engine value used for analytics)
JINDALSTEL | 2015-03 | ROCE_ANOMALY | computed=6.11% source=13.20% diff=7.09pp | category=version difference
JINDALSTEL | 2015-03 | ROE_ANOMALY | computed=-6.90% source=14.10% diff=21.00pp | category=data source issue (source value likely stale/mis-scaled; ratio engine value used for analytics)
JINDALSTEL | 2016-03 | ROCE_ANOMALY | computed=4.24% source=13.20% diff=8.96pp | category=version difference
JINDALSTEL | 2016-03 | ROE_ANOMALY | computed=-9.52% source=14.10% diff=23.62pp | category=data source issue (source value likely stale/mis-scaled; ratio engine value used for analytics)
JINDALSTEL | 2017-03 | ROCE_ANOMALY | computed=5.73% source=13.20% diff=7.47pp | category=version difference
JINDALSTEL | 2017-03 | ROE_ANOMALY | computed=-8.45% source=14.10% diff=22.55pp | category=data source issue (source value likely stale/mis-scaled; ratio engine value used for analytics)
JINDALSTEL | 2018-03 | ROCE_ANOMALY | computed=8.02% source=13.20% diff=5.18pp | category=version difference
JINDALSTEL | 2018-03 | ROE_ANOMALY | computed=-5.32% source=14.10% diff=19.42pp | category=data source issue (source value likely stale/mis-scaled; ratio engine value used for analytics)
JINDALSTEL | 2019-03 | ROE_ANOMALY | computed=-7.52% source=14.10% diff=21.62pp | category=data source issue (source value likely stale/mis-scaled; ratio engine value used for analytics)
JINDALSTEL | 2020-03 | ROE_ANOMALY | computed=-1.24% source=14.10% diff=15.34pp | category=data source issue (source value likely stale/mis-scaled; ratio engine value used for analytics)
JINDALSTEL | 2021-03 | ROCE_ANOMALY | computed=18.22% source=13.20% diff=5.02pp | category=version difference
JINDALSTEL | 2022-03 | ROCE_ANOMALY | computed=27.84% source=13.20% diff=14.64pp | category=version difference
JIOFIN | 2023-03 | OPM_MISMATCH | computed=86.67% reported=88.00% | category=formula discrepancy
JIOFIN | 2023-03 | FINANCIALS_SECTOR_CARVEOUT | high_leverage_flag suppressed (structurally normal for banks/NBFCs/insurance) | category=data source issue
JIOFIN | 2024-03 | FINANCIALS_SECTOR_CARVEOUT | high_leverage_flag suppressed (structurally normal for banks/NBFCs/insurance) | category=data source issue
JSWENERGY | 2013-03 | ROCE_ANOMALY | computed=16.95% source=8.59% diff=8.36pp | category=version difference
JSWENERGY | 2013-03 | ROE_ANOMALY | computed=14.52% source=8.40% diff=6.12pp | category=data source issue (source value likely stale/mis-scaled; ratio engine value used for analytics)
JSWENERGY | 2014-03 | ROCE_ANOMALY | computed=18.44% source=8.59% diff=9.85pp | category=version difference
JSWENERGY | 2015-03 | ROCE_ANOMALY | computed=22.72% source=8.59% diff=14.13pp | category=version difference
JSWENERGY | 2015-03 | ROE_ANOMALY | computed=18.06% source=8.40% diff=9.66pp | category=data source issue (source value likely stale/mis-scaled; ratio engine value used for analytics)
JSWENERGY | 2016-03 | ROCE_ANOMALY | computed=17.78% source=8.59% diff=9.19pp | category=version difference
JSWENERGY | 2016-03 | ROE_ANOMALY | computed=15.05% source=8.40% diff=6.65pp | category=data source issue (source value likely stale/mis-scaled; ratio engine value used for analytics)
JSWENERGY | 2017-03 | ROCE_ANOMALY | computed=14.34% source=8.59% diff=5.75pp | category=version difference
JSWENERGY | 2018-03 | ROE_ANOMALY | computed=0.77% source=8.40% diff=7.63pp | category=data source issue (source value likely stale/mis-scaled; ratio engine value used for analytics)
JSWENERGY | 2019-03 | ROCE_ANOMALY | computed=14.54% source=8.59% diff=5.95pp | category=version difference
JSWENERGY | 2020-03 | ROCE_ANOMALY | computed=15.51% source=8.59% diff=6.92pp | category=version difference
JSWENERGY | 2021-03 | ROCE_ANOMALY | computed=13.82% source=8.59% diff=5.23pp | category=version difference
JSWENERGY | 2022-03 | ROCE_ANOMALY | computed=15.73% source=8.59% diff=7.14pp | category=version difference
JSWSTEEL | 2013-03 | ROE_ANOMALY | computed=5.44% source=11.66% diff=6.22pp | category=data source issue (source value likely stale/mis-scaled; ratio engine value used for analytics)
JSWSTEEL | 2014-03 | ROE_ANOMALY | computed=1.90% source=11.66% diff=9.76pp | category=data source issue (source value likely stale/mis-scaled; ratio engine value used for analytics)
JSWSTEEL | 2016-03 | ROCE_ANOMALY | computed=7.28% source=13.36% diff=6.08pp | category=version difference
JSWSTEEL | 2016-03 | ROE_ANOMALY | computed=-2.54% source=11.66% diff=14.20pp | category=data source issue (source value likely stale/mis-scaled; ratio engine value used for analytics)
JSWSTEEL | 2017-03 | ROCE_ANOMALY | computed=18.68% source=13.36% diff=5.32pp | category=version difference
JSWSTEEL | 2018-03 | ROCE_ANOMALY | computed=21.87% source=13.36% diff=8.51pp | category=version difference
JSWSTEEL | 2018-03 | ROE_ANOMALY | computed=21.83% source=11.66% diff=10.17pp | category=data source issue (source value likely stale/mis-scaled; ratio engine value used for analytics)
JSWSTEEL | 2019-03 | ROCE_ANOMALY | computed=23.27% source=13.36% diff=9.91pp | category=version difference
JSWSTEEL | 2019-03 | ROE_ANOMALY | computed=21.62% source=11.66% diff=9.96pp | category=data source issue (source value likely stale/mis-scaled; ratio engine value used for analytics)
JSWSTEEL | 2021-03 | ROCE_ANOMALY | computed=18.92% source=13.36% diff=5.56pp | category=version difference
JSWSTEEL | 2021-03 | ROE_ANOMALY | computed=16.84% source=11.66% diff=5.18pp | category=data source issue (source value likely stale/mis-scaled; ratio engine value used for analytics)
JSWSTEEL | 2022-03 | ROCE_ANOMALY | computed=29.18% source=13.36% diff=15.82pp | category=version difference
JSWSTEEL | 2022-03 | ROE_ANOMALY | computed=31.11% source=11.66% diff=19.45pp | category=data source issue (source value likely stale/mis-scaled; ratio engine value used for analytics)
JSWSTEEL | 2023-03 | ROE_ANOMALY | computed=6.30% source=11.66% diff=5.36pp | category=data source issue (source value likely stale/mis-scaled; ratio engine value used for analytics)
KOTAKBANK | 2013-03 | OPM_MISMATCH | computed=60.92% reported=-1789.00% | category=formula discrepancy
KOTAKBANK | 2013-03 | FINANCIALS_SECTOR_CARVEOUT | high_leverage_flag suppressed (structurally normal for banks/NBFCs/insurance) | category=data source issue
KOTAKBANK | 2014-03 | OPM_MISMATCH | computed=58.84% reported=-1379.00% | category=formula discrepancy
KOTAKBANK | 2014-03 | FINANCIALS_SECTOR_CARVEOUT | high_leverage_flag suppressed (structurally normal for banks/NBFCs/insurance) | category=data source issue
KOTAKBANK | 2015-03 | OPM_MISMATCH | computed=72.96% reported=-3366.00% | category=formula discrepancy
KOTAKBANK | 2015-03 | FINANCIALS_SECTOR_CARVEOUT | high_leverage_flag suppressed (structurally normal for banks/NBFCs/insurance) | category=data source issue
KOTAKBANK | 2016-03 | OPM_MISMATCH | computed=56.57% reported=-2263.00% | category=formula discrepancy
KOTAKBANK | 2016-03 | FINANCIALS_SECTOR_CARVEOUT | high_leverage_flag suppressed (structurally normal for banks/NBFCs/insurance) | category=data source issue
KOTAKBANK | 2017-03 | OPM_MISMATCH | computed=66.44% reported=-3965.00% | category=formula discrepancy
KOTAKBANK | 2017-03 | FINANCIALS_SECTOR_CARVEOUT | high_leverage_flag suppressed (structurally normal for banks/NBFCs/insurance) | category=data source issue
KOTAKBANK | 2018-03 | OPM_MISMATCH | computed=66.87% reported=-4141.00% | category=formula discrepancy
KOTAKBANK | 2018-03 | FINANCIALS_SECTOR_CARVEOUT | high_leverage_flag suppressed (structurally normal for banks/NBFCs/insurance) | category=data source issue
KOTAKBANK | 2019-03 | OPM_MISMATCH | computed=66.23% reported=-5114.00% | category=formula discrepancy
KOTAKBANK | 2019-03 | FINANCIALS_SECTOR_CARVEOUT | high_leverage_flag suppressed (structurally normal for banks/NBFCs/insurance) | category=data source issue
KOTAKBANK | 2020-03 | OPM_MISMATCH | computed=67.45% reported=-5005.00% | category=formula discrepancy
KOTAKBANK | 2020-03 | FINANCIALS_SECTOR_CARVEOUT | high_leverage_flag suppressed (structurally normal for banks/NBFCs/insurance) | category=data source issue
KOTAKBANK | 2021-03 | OPM_MISMATCH | computed=90.83% reported=-9958.00% | category=formula discrepancy
KOTAKBANK | 2021-03 | FINANCIALS_SECTOR_CARVEOUT | high_leverage_flag suppressed (structurally normal for banks/NBFCs/insurance) | category=data source issue
KOTAKBANK | 2022-03 | OPM_MISMATCH | computed=90.98% reported=-8512.00% | category=formula discrepancy
KOTAKBANK | 2022-03 | FINANCIALS_SECTOR_CARVEOUT | high_leverage_flag suppressed (structurally normal for banks/NBFCs/insurance) | category=data source issue
KOTAKBANK | 2023-03 | OPM_MISMATCH | computed=79.44% reported=-5746.00% | category=formula discrepancy
KOTAKBANK | 2023-03 | FINANCIALS_SECTOR_CARVEOUT | high_leverage_flag suppressed (structurally normal for banks/NBFCs/insurance) | category=data source issue
KOTAKBANK | 2024-03 | OPM_MISMATCH | computed=83.67% reported=-13382.00% | category=formula discrepancy
KOTAKBANK | 2024-03 | FINANCIALS_SECTOR_CARVEOUT | high_leverage_flag suppressed (structurally normal for banks/NBFCs/insurance) | category=data source issue
LICI | 2019-03 | FINANCIALS_SECTOR_CARVEOUT | high_leverage_flag suppressed (structurally normal for banks/NBFCs/insurance) | category=data source issue
LICI | 2019-03 | ROCE_ANOMALY | computed=3.16% source=63.79% diff=60.63pp | category=version difference
LICI | 2019-03 | ROE_ANOMALY | computed=324.32% source=63.61% diff=260.71pp | category=data source issue (source value likely stale/mis-scaled; ratio engine value used for analytics)
LICI | 2020-03 | FINANCIALS_SECTOR_CARVEOUT | high_leverage_flag suppressed (structurally normal for banks/NBFCs/insurance) | category=data source issue
LICI | 2020-03 | ROCE_ANOMALY | computed=5.47% source=63.79% diff=58.32pp | category=version difference
LICI | 2020-03 | ROE_ANOMALY | computed=270.46% source=63.61% diff=206.85pp | category=data source issue (source value likely stale/mis-scaled; ratio engine value used for analytics)
LICI | 2021-03 | FINANCIALS_SECTOR_CARVEOUT | high_leverage_flag suppressed (structurally normal for banks/NBFCs/insurance) | category=data source issue
LICI | 2021-03 | ROCE_ANOMALY | computed=182.46% source=63.79% diff=118.67pp | category=version difference
LICI | 2021-03 | ROE_ANOMALY | computed=43.20% source=63.61% diff=20.41pp | category=data source issue (source value likely stale/mis-scaled; ratio engine value used for analytics)
LICI | 2022-03 | FINANCIALS_SECTOR_CARVEOUT | high_leverage_flag suppressed (structurally normal for banks/NBFCs/insurance) | category=data source issue
LICI | 2022-03 | ROCE_ANOMALY | computed=110.89% source=63.79% diff=47.10pp | category=version difference
LICI | 2022-03 | ROE_ANOMALY | computed=36.38% source=63.61% diff=27.23pp | category=data source issue (source value likely stale/mis-scaled; ratio engine value used for analytics)
LICI | 2023-03 | FINANCIALS_SECTOR_CARVEOUT | high_leverage_flag suppressed (structurally normal for banks/NBFCs/insurance) | category=data source issue
LICI | 2023-03 | ROCE_ANOMALY | computed=90.86% source=63.79% diff=27.07pp | category=version difference
LICI | 2023-03 | ROE_ANOMALY | computed=77.86% source=63.61% diff=14.25pp | category=data source issue (source value likely stale/mis-scaled; ratio engine value used for analytics)
LICI | 2024-03 | FINANCIALS_SECTOR_CARVEOUT | high_leverage_flag suppressed (structurally normal for banks/NBFCs/insurance) | category=data source issue
LICI | 2024-03 | ROCE_ANOMALY | computed=57.53% source=63.79% diff=6.26pp | category=version difference
LICI | 2024-03 | ROE_ANOMALY | computed=49.45% source=63.61% diff=14.16pp | category=data source issue (source value likely stale/mis-scaled; ratio engine value used for analytics)
LODHA | 2011-03 | ROE_ANOMALY | computed=35.48% source=10.70% diff=24.78pp | category=data source issue (source value likely stale/mis-scaled; ratio engine value used for analytics)
LODHA | 2012-03 | ROE_ANOMALY | computed=33.84% source=10.70% diff=23.14pp | category=data source issue (source value likely stale/mis-scaled; ratio engine value used for analytics)
LODHA | 2015-03 | ROE_ANOMALY | computed=24.23% source=10.70% diff=13.53pp | category=data source issue (source value likely stale/mis-scaled; ratio engine value used for analytics)
LODHA | 2016-03 | ROE_ANOMALY | computed=17.69% source=10.70% diff=6.99pp | category=data source issue (source value likely stale/mis-scaled; ratio engine value used for analytics)
LODHA | 2019-03 | ROE_ANOMALY | computed=42.80% source=10.70% diff=32.10pp | category=data source issue (source value likely stale/mis-scaled; ratio engine value used for analytics)
LODHA | 2020-03 | ROE_ANOMALY | computed=16.30% source=10.70% diff=5.60pp | category=data source issue (source value likely stale/mis-scaled; ratio engine value used for analytics)
LODHA | 2021-03 | ROCE_ANOMALY | computed=5.45% source=11.10% diff=5.65pp | category=version difference
LODHA | 2021-03 | ROE_ANOMALY | computed=1.04% source=10.70% diff=9.66pp | category=data source issue (source value likely stale/mis-scaled; ratio engine value used for analytics)
LODHA | 2023-03 | ROCE_ANOMALY | computed=4.73% source=11.10% diff=6.37pp | category=version difference
LODHA | 2023-03 | ROE_ANOMALY | computed=3.87% source=10.70% diff=6.83pp | category=data source issue (source value likely stale/mis-scaled; ratio engine value used for analytics)
LT | 2013-03 | ROCE_ANOMALY | computed=884.74% source=17.18% diff=867.56pp | category=version difference
LT | 2013-03 | ROE_ANOMALY | computed=395.15% source=10.49% diff=384.66pp | category=data source issue (source value likely stale/mis-scaled; ratio engine value used for analytics)
LT | 2014-03 | ROCE_ANOMALY | computed=896.69% source=17.18% diff=879.51pp | category=version difference
LT | 2014-03 | ROE_ANOMALY | computed=303.42% source=10.49% diff=292.93pp | category=data source issue (source value likely stale/mis-scaled; ratio engine value used for analytics)
LT | 2015-03 | ROCE_ANOMALY | computed=762.30% source=17.18% diff=745.12pp | category=version difference
LT | 2015-03 | ROE_ANOMALY | computed=245.11% source=10.49% diff=234.62pp | category=data source issue (source value likely stale/mis-scaled; ratio engine value used for analytics)
LT | 2016-03 | ROCE_ANOMALY | computed=766.28% source=17.18% diff=749.10pp | category=version difference
LT | 2016-03 | ROE_ANOMALY | computed=216.09% source=10.49% diff=205.60pp | category=data source issue (source value likely stale/mis-scaled; ratio engine value used for analytics)
LT | 2017-03 | ROCE_ANOMALY | computed=575.25% source=17.18% diff=558.07pp | category=version difference
LT | 2017-03 | ROE_ANOMALY | computed=206.30% source=10.49% diff=195.81pp | category=data source issue (source value likely stale/mis-scaled; ratio engine value used for analytics)
LT | 2018-03 | ROCE_ANOMALY | computed=558.96% source=17.18% diff=541.78pp | category=version difference
LT | 2018-03 | ROE_ANOMALY | computed=207.36% source=10.49% diff=196.87pp | category=data source issue (source value likely stale/mis-scaled; ratio engine value used for analytics)
LT | 2019-03 | ROCE_ANOMALY | computed=522.52% source=17.18% diff=505.34pp | category=version difference
LT | 2019-03 | ROE_ANOMALY | computed=208.81% source=10.49% diff=198.32pp | category=data source issue (source value likely stale/mis-scaled; ratio engine value used for analytics)
LT | 2020-03 | ROCE_ANOMALY | computed=436.48% source=17.18% diff=419.30pp | category=version difference
LT | 2020-03 | ROE_ANOMALY | computed=201.59% source=10.49% diff=191.10pp | category=data source issue (source value likely stale/mis-scaled; ratio engine value used for analytics)
LT | 2021-03 | ROCE_ANOMALY | computed=389.67% source=17.18% diff=372.49pp | category=version difference
LT | 2021-03 | ROE_ANOMALY | computed=176.90% source=10.49% diff=166.41pp | category=data source issue (source value likely stale/mis-scaled; ratio engine value used for analytics)
LT | 2022-03 | ROCE_ANOMALY | computed=183.40% source=17.18% diff=166.22pp | category=version difference
LT | 2022-03 | ROE_ANOMALY | computed=72.92% source=10.49% diff=62.43pp | category=data source issue (source value likely stale/mis-scaled; ratio engine value used for analytics)
LT | 2023-03 | ROCE_ANOMALY | computed=165.76% source=17.18% diff=148.58pp | category=version difference
LT | 2023-03 | ROE_ANOMALY | computed=75.52% source=10.49% diff=65.03pp | category=data source issue (source value likely stale/mis-scaled; ratio engine value used for analytics)
LT | 2024-03 | ROCE_ANOMALY | computed=152.62% source=17.18% diff=135.44pp | category=version difference
LT | 2024-03 | ROE_ANOMALY | computed=77.67% source=10.49% diff=67.18pp | category=data source issue (source value likely stale/mis-scaled; ratio engine value used for analytics)
LTIM | 2013-03 | ROCE_ANOMALY | computed=56.71% source=34.10% diff=22.61pp | category=version difference
LTIM | 2013-03 | ROE_ANOMALY | computed=41.97% source=26.04% diff=15.93pp | category=data source issue (source value likely stale/mis-scaled; ratio engine value used for analytics)
LTIM | 2014-03 | ROCE_ANOMALY | computed=79.30% source=34.10% diff=45.20pp | category=version difference
LTIM | 2014-03 | ROE_ANOMALY | computed=61.86% source=26.04% diff=35.82pp | category=data source issue (source value likely stale/mis-scaled; ratio engine value used for analytics)
LTIM | 2015-03 | ROCE_ANOMALY | computed=49.20% source=34.10% diff=15.10pp | category=version difference
LTIM | 2015-03 | ROE_ANOMALY | computed=37.96% source=26.04% diff=11.92pp | category=data source issue (source value likely stale/mis-scaled; ratio engine value used for analytics)
LTIM | 2016-03 | ROCE_ANOMALY | computed=55.73% source=34.10% diff=21.63pp | category=version difference
LTIM | 2016-03 | ROE_ANOMALY | computed=39.34% source=26.04% diff=13.30pp | category=data source issue (source value likely stale/mis-scaled; ratio engine value used for analytics)
LTIM | 2017-03 | ROCE_ANOMALY | computed=45.07% source=34.10% diff=10.97pp | category=version difference
LTIM | 2018-03 | ROCE_ANOMALY | computed=41.79% source=34.10% diff=7.69pp | category=version difference
LTIM | 2019-03 | ROCE_ANOMALY | computed=44.66% source=34.10% diff=10.56pp | category=version difference
LTIM | 2022-03 | ROCE_ANOMALY | computed=41.35% source=34.10% diff=7.25pp | category=version difference
M&M | 2013-03 | ROCE_ANOMALY | computed=20.46% source=26.98% diff=6.52pp | category=version difference
M&M | 2014-03 | ROCE_ANOMALY | computed=18.71% source=26.98% diff=8.27pp | category=version difference
M&M | 2015-03 | ROCE_ANOMALY | computed=15.04% source=26.98% diff=11.94pp | category=version difference
M&M | 2016-03 | ROCE_ANOMALY | computed=16.87% source=26.98% diff=10.11pp | category=version difference
M&M | 2017-03 | ROCE_ANOMALY | computed=16.31% source=26.98% diff=10.67pp | category=version difference
M&M | 2018-03 | ROCE_ANOMALY | computed=18.98% source=26.98% diff=8.00pp | category=version difference
M&M | 2019-03 | ROCE_ANOMALY | computed=16.14% source=26.98% diff=10.84pp | category=version difference
M&M | 2020-03 | ROCE_ANOMALY | computed=9.05% source=26.98% diff=17.93pp | category=version difference
M&M | 2020-03 | ROE_ANOMALY | computed=-0.80% source=17.99% diff=18.79pp | category=data source issue (source value likely stale/mis-scaled; ratio engine value used for analytics)
M&M | 2021-03 | ROCE_ANOMALY | computed=10.34% source=26.98% diff=16.64pp | category=version difference
M&M | 2021-03 | ROE_ANOMALY | computed=3.64% source=17.99% diff=14.35pp | category=data source issue (source value likely stale/mis-scaled; ratio engine value used for analytics)
M&M | 2022-03 | ROCE_ANOMALY | computed=14.34% source=26.98% diff=12.64pp | category=version difference
M&M | 2023-03 | ROCE_ANOMALY | computed=16.31% source=26.98% diff=10.67pp | category=version difference
M&M | 2024-03 | ROCE_ANOMALY | computed=16.12% source=26.98% diff=10.86pp | category=version difference
MARUTI | 2015-03 | ROCE_ANOMALY | computed=30.86% source=23.67% diff=7.19pp | category=version difference
MARUTI | 2016-03 | ROCE_ANOMALY | computed=34.00% source=23.67% diff=10.33pp | category=version difference
MARUTI | 2017-03 | ROCE_ANOMALY | computed=34.13% source=23.67% diff=10.46pp | category=version difference
MARUTI | 2018-03 | ROCE_ANOMALY | computed=33.44% source=23.67% diff=9.77pp | category=version difference
MARUTI | 2019-03 | ROCE_ANOMALY | computed=29.04% source=23.67% diff=5.37pp | category=version difference
MARUTI | 2021-03 | ROCE_ANOMALY | computed=15.94% source=23.67% diff=7.73pp | category=version difference
MARUTI | 2021-03 | ROE_ANOMALY | computed=8.36% source=15.75% diff=7.39pp | category=data source issue (source value likely stale/mis-scaled; ratio engine value used for analytics)
MARUTI | 2022-03 | ROCE_ANOMALY | computed=13.65% source=23.67% diff=10.02pp | category=version difference
MARUTI | 2022-03 | ROE_ANOMALY | computed=7.01% source=15.75% diff=8.74pp | category=data source issue (source value likely stale/mis-scaled; ratio engine value used for analytics)
MOTHERSON | 2013-03 | ROCE_ANOMALY | computed=25.00% source=13.70% diff=11.30pp | category=version difference
MOTHERSON | 2013-03 | ROE_ANOMALY | computed=19.75% source=11.80% diff=7.95pp | category=data source issue (source value likely stale/mis-scaled; ratio engine value used for analytics)
MOTHERSON | 2014-03 | ROCE_ANOMALY | computed=34.72% source=13.70% diff=21.02pp | category=version difference
MOTHERSON | 2014-03 | ROE_ANOMALY | computed=37.07% source=11.80% diff=25.27pp | category=data source issue (source value likely stale/mis-scaled; ratio engine value used for analytics)
MOTHERSON | 2015-03 | ROCE_ANOMALY | computed=36.14% source=13.70% diff=22.44pp | category=version difference
MOTHERSON | 2015-03 | ROE_ANOMALY | computed=38.87% source=11.80% diff=27.07pp | category=data source issue (source value likely stale/mis-scaled; ratio engine value used for analytics)
MOTHERSON | 2016-03 | ROCE_ANOMALY | computed=35.59% source=13.70% diff=21.89pp | category=version difference
MOTHERSON | 2016-03 | ROE_ANOMALY | computed=40.35% source=11.80% diff=28.55pp | category=data source issue (source value likely stale/mis-scaled; ratio engine value used for analytics)
MOTHERSON | 2017-03 | ROCE_ANOMALY | computed=24.26% source=13.70% diff=10.56pp | category=version difference
MOTHERSON | 2017-03 | ROE_ANOMALY | computed=26.26% source=11.80% diff=14.46pp | category=data source issue (source value likely stale/mis-scaled; ratio engine value used for analytics)
MOTHERSON | 2018-03 | ROCE_ANOMALY | computed=25.93% source=13.70% diff=12.23pp | category=version difference
MOTHERSON | 2018-03 | ROE_ANOMALY | computed=22.87% source=11.80% diff=11.07pp | category=data source issue (source value likely stale/mis-scaled; ratio engine value used for analytics)
MOTHERSON | 2019-03 | ROCE_ANOMALY | computed=25.25% source=13.70% diff=11.55pp | category=version difference
MOTHERSON | 2019-03 | ROE_ANOMALY | computed=19.14% source=11.80% diff=7.34pp | category=data source issue (source value likely stale/mis-scaled; ratio engine value used for analytics)
MOTHERSON | 2020-03 | ROCE_ANOMALY | computed=21.71% source=13.70% diff=8.01pp | category=version difference
MOTHERSON | 2021-03 | ROCE_ANOMALY | computed=20.16% source=13.70% diff=6.46pp | category=version difference
MOTHERSON | 2022-03 | ROE_ANOMALY | computed=5.74% source=11.80% diff=6.06pp | category=data source issue (source value likely stale/mis-scaled; ratio engine value used for analytics)
MOTHERSON | 2024-03 | ROCE_ANOMALY | computed=20.54% source=13.70% diff=6.84pp | category=version difference
NAUKRI | 2013-03 | ROCE_ANOMALY | computed=23.81% source=3.65% diff=20.16pp | category=version difference
NAUKRI | 2013-03 | ROE_ANOMALY | computed=12.50% source=2.44% diff=10.06pp | category=data source issue (source value likely stale/mis-scaled; ratio engine value used for analytics)
NAUKRI | 2014-03 | ROCE_ANOMALY | computed=21.55% source=3.65% diff=17.90pp | category=version difference
NAUKRI | 2014-03 | ROE_ANOMALY | computed=8.93% source=2.44% diff=6.49pp | category=data source issue (source value likely stale/mis-scaled; ratio engine value used for analytics)
NAUKRI | 2016-03 | ROCE_ANOMALY | computed=13.08% source=3.65% diff=9.43pp | category=version difference
NAUKRI | 2016-03 | ROE_ANOMALY | computed=7.65% source=2.44% diff=5.21pp | category=data source issue (source value likely stale/mis-scaled; ratio engine value used for analytics)
NAUKRI | 2017-03 | ROE_ANOMALY | computed=-2.70% source=2.44% diff=5.14pp | category=data source issue (source value likely stale/mis-scaled; ratio engine value used for analytics)
NAUKRI | 2018-03 | ROCE_ANOMALY | computed=30.30% source=3.65% diff=26.65pp | category=version difference
NAUKRI | 2018-03 | ROE_ANOMALY | computed=24.50% source=2.44% diff=22.06pp | category=data source issue (source value likely stale/mis-scaled; ratio engine value used for analytics)
NAUKRI | 2019-03 | ROCE_ANOMALY | computed=29.32% source=3.65% diff=25.67pp | category=version difference
NAUKRI | 2019-03 | ROE_ANOMALY | computed=23.28% source=2.44% diff=20.84pp | category=data source issue (source value likely stale/mis-scaled; ratio engine value used for analytics)
NAUKRI | 2020-03 | ROCE_ANOMALY | computed=-2.82% source=3.65% diff=6.47pp | category=version difference
NAUKRI | 2020-03 | ROE_ANOMALY | computed=-11.21% source=2.44% diff=13.65pp | category=data source issue (source value likely stale/mis-scaled; ratio engine value used for analytics)
NAUKRI | 2021-03 | ROCE_ANOMALY | computed=30.36% source=3.65% diff=26.71pp | category=version difference
NAUKRI | 2021-03 | ROE_ANOMALY | computed=26.28% source=2.44% diff=23.84pp | category=data source issue (source value likely stale/mis-scaled; ratio engine value used for analytics)
NAUKRI | 2022-03 | ROCE_ANOMALY | computed=82.38% source=3.65% diff=78.73pp | category=version difference
NAUKRI | 2022-03 | ROE_ANOMALY | computed=74.71% source=2.44% diff=72.27pp | category=data source issue (source value likely stale/mis-scaled; ratio engine value used for analytics)
NESTLEIND | 2013-12 | ROCE_ANOMALY | computed=57.49% source=185.43% diff=127.94pp | category=version difference
NESTLEIND | 2013-12 | ROE_ANOMALY | computed=47.17% source=135.61% diff=88.44pp | category=data source issue (source value likely stale/mis-scaled; ratio engine value used for analytics)
NESTLEIND | 2014-12 | ROCE_ANOMALY | computed=74.41% source=185.43% diff=111.02pp | category=version difference
NESTLEIND | 2014-12 | ROE_ANOMALY | computed=41.77% source=135.61% diff=93.84pp | category=data source issue (source value likely stale/mis-scaled; ratio engine value used for analytics)
NESTLEIND | 2015-12 | ROCE_ANOMALY | computed=41.06% source=185.43% diff=144.37pp | category=version difference
NESTLEIND | 2015-12 | ROE_ANOMALY | computed=19.99% source=135.61% diff=115.62pp | category=data source issue (source value likely stale/mis-scaled; ratio engine value used for analytics)
NESTLEIND | 2016-12 | ROCE_ANOMALY | computed=60.03% source=185.43% diff=125.40pp | category=version difference
NESTLEIND | 2016-12 | ROE_ANOMALY | computed=30.50% source=135.61% diff=105.11pp | category=data source issue (source value likely stale/mis-scaled; ratio engine value used for analytics)
NESTLEIND | 2017-12 | ROCE_ANOMALY | computed=65.82% source=185.43% diff=119.61pp | category=version difference
NESTLEIND | 2017-12 | ROE_ANOMALY | computed=35.82% source=135.61% diff=99.79pp | category=data source issue (source value likely stale/mis-scaled; ratio engine value used for analytics)
NESTLEIND | 2018-12 | ROCE_ANOMALY | computed=77.59% source=185.43% diff=107.84pp | category=version difference
NESTLEIND | 2018-12 | ROE_ANOMALY | computed=43.75% source=135.61% diff=91.86pp | category=data source issue (source value likely stale/mis-scaled; ratio engine value used for analytics)
NESTLEIND | 2019-12 | ROCE_ANOMALY | computed=150.59% source=185.43% diff=34.84pp | category=version difference
NESTLEIND | 2019-12 | ROE_ANOMALY | computed=102.61% source=135.61% diff=33.00pp | category=data source issue (source value likely stale/mis-scaled; ratio engine value used for analytics)
NESTLEIND | 2020-12 | ROCE_ANOMALY | computed=154.57% source=185.43% diff=30.86pp | category=version difference
NESTLEIND | 2020-12 | ROE_ANOMALY | computed=103.12% source=135.61% diff=32.49pp | category=data source issue (source value likely stale/mis-scaled; ratio engine value used for analytics)
NESTLEIND | 2021-12 | ROCE_ANOMALY | computed=155.97% source=185.43% diff=29.46pp | category=version difference
NESTLEIND | 2021-12 | ROE_ANOMALY | computed=108.84% source=135.61% diff=26.77pp | category=data source issue (source value likely stale/mis-scaled; ratio engine value used for analytics)
NESTLEIND | 2022-12 | ROCE_ANOMALY | computed=139.67% source=185.43% diff=45.76pp | category=version difference
NESTLEIND | 2022-12 | ROE_ANOMALY | computed=97.23% source=135.61% diff=38.38pp | category=data source issue (source value likely stale/mis-scaled; ratio engine value used for analytics)
NESTLEIND | 2023-12 | ROCE_ANOMALY | computed=168.02% source=185.43% diff=17.41pp | category=version difference
NESTLEIND | 2023-12 | ROE_ANOMALY | computed=121.96% source=135.61% diff=13.65pp | category=data source issue (source value likely stale/mis-scaled; ratio engine value used for analytics)
NESTLEIND | 2024-03 | ROCE_ANOMALY | computed=162.06% source=185.43% diff=23.37pp | category=version difference
NESTLEIND | 2024-03 | ROE_ANOMALY | computed=117.75% source=135.61% diff=17.86pp | category=data source issue (source value likely stale/mis-scaled; ratio engine value used for analytics)
NHPC | 2015-03 | ROCE_ANOMALY | computed=13.11% source=7.67% diff=5.44pp | category=version difference
NHPC | 2017-03 | ROCE_ANOMALY | computed=14.78% source=7.67% diff=7.11pp | category=version difference
NHPC | 2019-03 | ROCE_ANOMALY | computed=13.46% source=7.67% diff=5.79pp | category=version difference
ONGC | 2013-03 | ROCE_ANOMALY | computed=28.28% source=19.71% diff=8.57pp | category=version difference
ONGC | 2014-03 | ROCE_ANOMALY | computed=25.44% source=19.71% diff=5.73pp | category=version difference
ONGC | 2016-03 | ROE_ANOMALY | computed=6.62% source=14.32% diff=7.70pp | category=data source issue (source value likely stale/mis-scaled; ratio engine value used for analytics)
ONGC | 2019-03 | ROCE_ANOMALY | computed=25.99% source=19.71% diff=6.28pp | category=version difference
ONGC | 2020-03 | ROE_ANOMALY | computed=5.59% source=14.32% diff=8.73pp | category=data source issue (source value likely stale/mis-scaled; ratio engine value used for analytics)
PFC | 2013-03 | FINANCIALS_SECTOR_CARVEOUT | high_leverage_flag suppressed (structurally normal for banks/NBFCs/insurance) | category=data source issue
PFC | 2013-03 | ROCE_ANOMALY | computed=3.68% source=9.96% diff=6.28pp | category=version difference
PFC | 2014-03 | FINANCIALS_SECTOR_CARVEOUT | high_leverage_flag suppressed (structurally normal for banks/NBFCs/insurance) | category=data source issue
PFC | 2014-03 | ROCE_ANOMALY | computed=4.09% source=9.96% diff=5.87pp | category=version difference
PFC | 2015-03 | FINANCIALS_SECTOR_CARVEOUT | high_leverage_flag suppressed (structurally normal for banks/NBFCs/insurance) | category=data source issue
PFC | 2015-03 | ROCE_ANOMALY | computed=3.84% source=9.96% diff=6.12pp | category=version difference
PFC | 2016-03 | FINANCIALS_SECTOR_CARVEOUT | high_leverage_flag suppressed (structurally normal for banks/NBFCs/insurance) | category=data source issue
PFC | 2016-03 | ROCE_ANOMALY | computed=3.88% source=9.96% diff=6.08pp | category=version difference
PFC | 2017-03 | FINANCIALS_SECTOR_CARVEOUT | high_leverage_flag suppressed (structurally normal for banks/NBFCs/insurance) | category=data source issue
PFC | 2017-03 | ROCE_ANOMALY | computed=2.21% source=9.96% diff=7.75pp | category=version difference
PFC | 2017-03 | ROE_ANOMALY | computed=6.07% source=19.49% diff=13.42pp | category=data source issue (source value likely stale/mis-scaled; ratio engine value used for analytics)
PFC | 2018-03 | FINANCIALS_SECTOR_CARVEOUT | high_leverage_flag suppressed (structurally normal for banks/NBFCs/insurance) | category=data source issue
PFC | 2018-03 | ROCE_ANOMALY | computed=2.45% source=9.96% diff=7.51pp | category=version difference
PFC | 2019-03 | FINANCIALS_SECTOR_CARVEOUT | high_leverage_flag suppressed (structurally normal for banks/NBFCs/insurance) | category=data source issue
PFC | 2019-03 | ROCE_ANOMALY | computed=3.05% source=9.96% diff=6.91pp | category=version difference
PFC | 2019-03 | ROE_ANOMALY | computed=26.82% source=19.49% diff=7.33pp | category=data source issue (source value likely stale/mis-scaled; ratio engine value used for analytics)
PFC | 2020-03 | FINANCIALS_SECTOR_CARVEOUT | high_leverage_flag suppressed (structurally normal for banks/NBFCs/insurance) | category=data source issue
PFC | 2020-03 | ROCE_ANOMALY | computed=2.19% source=9.96% diff=7.77pp | category=version difference
PFC | 2021-03 | FINANCIALS_SECTOR_CARVEOUT | high_leverage_flag suppressed (structurally normal for banks/NBFCs/insurance) | category=data source issue
PFC | 2021-03 | ROCE_ANOMALY | computed=2.76% source=9.96% diff=7.20pp | category=version difference
PFC | 2021-03 | ROE_ANOMALY | computed=25.86% source=19.49% diff=6.37pp | category=data source issue (source value likely stale/mis-scaled; ratio engine value used for analytics)
PFC | 2022-03 | FINANCIALS_SECTOR_CARVEOUT | high_leverage_flag suppressed (structurally normal for banks/NBFCs/insurance) | category=data source issue
PFC | 2022-03 | ROCE_ANOMALY | computed=3.20% source=9.96% diff=6.76pp | category=version difference
PFC | 2022-03 | ROE_ANOMALY | computed=26.18% source=19.49% diff=6.69pp | category=data source issue (source value likely stale/mis-scaled; ratio engine value used for analytics)
PFC | 2023-03 | FINANCIALS_SECTOR_CARVEOUT | high_leverage_flag suppressed (structurally normal for banks/NBFCs/insurance) | category=data source issue
PFC | 2023-03 | ROCE_ANOMALY | computed=3.18% source=9.96% diff=6.78pp | category=version difference
PFC | 2023-03 | ROE_ANOMALY | computed=25.17% source=19.49% diff=5.68pp | category=data source issue (source value likely stale/mis-scaled; ratio engine value used for analytics)
PFC | 2024-03 | FINANCIALS_SECTOR_CARVEOUT | high_leverage_flag suppressed (structurally normal for banks/NBFCs/insurance) | category=data source issue
PFC | 2024-03 | ROCE_ANOMALY | computed=3.49% source=9.96% diff=6.47pp | category=version difference
PFC | 2024-03 | ROE_ANOMALY | computed=26.16% source=19.49% diff=6.67pp | category=data source issue (source value likely stale/mis-scaled; ratio engine value used for analytics)
PIDILITIND | 2013-03 | ROCE_ANOMALY | computed=37.74% source=29.70% diff=8.04pp | category=version difference
PIDILITIND | 2014-03 | ROCE_ANOMALY | computed=35.54% source=29.70% diff=5.84pp | category=version difference
PIDILITIND | 2015-03 | ROCE_ANOMALY | computed=34.84% source=29.70% diff=5.14pp | category=version difference
PIDILITIND | 2016-03 | ROCE_ANOMALY | computed=46.14% source=29.70% diff=16.44pp | category=version difference
PIDILITIND | 2016-03 | ROE_ANOMALY | computed=30.59% source=22.80% diff=7.79pp | category=data source issue (source value likely stale/mis-scaled; ratio engine value used for analytics)
PIDILITIND | 2017-03 | ROCE_ANOMALY | computed=38.58% source=29.70% diff=8.88pp | category=version difference
PIDILITIND | 2018-03 | ROCE_ANOMALY | computed=40.39% source=29.70% diff=10.69pp | category=version difference
PIDILITIND | 2019-03 | ROCE_ANOMALY | computed=35.23% source=29.70% diff=5.53pp | category=version difference
PIDILITIND | 2020-03 | ROCE_ANOMALY | computed=35.27% source=29.70% diff=5.57pp | category=version difference
PNB | 2013-03 | FINANCIALS_SECTOR_CARVEOUT | high_leverage_flag suppressed (structurally normal for banks/NBFCs/insurance) | category=data source issue
PNB | 2013-03 | ROCE_ANOMALY | computed=58.94% source=1.63% diff=57.31pp | category=version difference
PNB | 2013-03 | ROE_ANOMALY | computed=812.30% source=8.70% diff=803.60pp | category=data source issue (source value likely stale/mis-scaled; ratio engine value used for analytics)
PNB | 2014-03 | FINANCIALS_SECTOR_CARVEOUT | high_leverage_flag suppressed (structurally normal for banks/NBFCs/insurance) | category=data source issue
PNB | 2014-03 | ROCE_ANOMALY | computed=42.66% source=1.63% diff=41.03pp | category=version difference
PNB | 2014-03 | ROE_ANOMALY | computed=393.36% source=8.70% diff=384.66pp | category=data source issue (source value likely stale/mis-scaled; ratio engine value used for analytics)
PNB | 2015-03 | FINANCIALS_SECTOR_CARVEOUT | high_leverage_flag suppressed (structurally normal for banks/NBFCs/insurance) | category=data source issue
PNB | 2015-03 | ROCE_ANOMALY | computed=34.19% source=1.63% diff=32.56pp | category=version difference
PNB | 2015-03 | ROE_ANOMALY | computed=223.24% source=8.70% diff=214.54pp | category=data source issue (source value likely stale/mis-scaled; ratio engine value used for analytics)
PNB | 2016-03 | FINANCIALS_SECTOR_CARVEOUT | high_leverage_flag suppressed (structurally normal for banks/NBFCs/insurance) | category=data source issue
PNB | 2016-03 | ROCE_ANOMALY | computed=21.66% source=1.63% diff=20.03pp | category=version difference
PNB | 2016-03 | ROE_ANOMALY | computed=-163.56% source=8.70% diff=172.26pp | category=data source issue (source value likely stale/mis-scaled; ratio engine value used for analytics)
PNB | 2017-03 | FINANCIALS_SECTOR_CARVEOUT | high_leverage_flag suppressed (structurally normal for banks/NBFCs/insurance) | category=data source issue
PNB | 2017-03 | ROCE_ANOMALY | computed=22.32% source=1.63% diff=20.69pp | category=version difference
PNB | 2017-03 | ROE_ANOMALY | computed=22.21% source=8.70% diff=13.51pp | category=data source issue (source value likely stale/mis-scaled; ratio engine value used for analytics)
PNB | 2018-03 | FINANCIALS_SECTOR_CARVEOUT | high_leverage_flag suppressed (structurally normal for banks/NBFCs/insurance) | category=data source issue
PNB | 2018-03 | ROCE_ANOMALY | computed=14.72% source=1.63% diff=13.09pp | category=version difference
PNB | 2018-03 | ROE_ANOMALY | computed=-184.37% source=8.70% diff=193.07pp | category=data source issue (source value likely stale/mis-scaled; ratio engine value used for analytics)
PNB | 2019-03 | FINANCIALS_SECTOR_CARVEOUT | high_leverage_flag suppressed (structurally normal for banks/NBFCs/insurance) | category=data source issue
PNB | 2019-03 | ROCE_ANOMALY | computed=9.29% source=1.63% diff=7.66pp | category=version difference
PNB | 2019-03 | ROE_ANOMALY | computed=-128.45% source=8.70% diff=137.15pp | category=data source issue (source value likely stale/mis-scaled; ratio engine value used for analytics)
PNB | 2020-03 | FINANCIALS_SECTOR_CARVEOUT | high_leverage_flag suppressed (structurally normal for banks/NBFCs/insurance) | category=data source issue
PNB | 2020-03 | ROCE_ANOMALY | computed=12.40% source=1.63% diff=10.77pp | category=version difference
PNB | 2021-03 | FINANCIALS_SECTOR_CARVEOUT | high_leverage_flag suppressed (structurally normal for banks/NBFCs/insurance) | category=data source issue
PNB | 2021-03 | ROCE_ANOMALY | computed=18.72% source=1.63% diff=17.09pp | category=version difference
PNB | 2021-03 | ROE_ANOMALY | computed=30.39% source=8.70% diff=21.69pp | category=data source issue (source value likely stale/mis-scaled; ratio engine value used for analytics)
PNB | 2022-03 | FINANCIALS_SECTOR_CARVEOUT | high_leverage_flag suppressed (structurally normal for banks/NBFCs/insurance) | category=data source issue
PNB | 2022-03 | ROCE_ANOMALY | computed=19.64% source=1.63% diff=18.01pp | category=version difference
PNB | 2022-03 | ROE_ANOMALY | computed=39.87% source=8.70% diff=31.17pp | category=data source issue (source value likely stale/mis-scaled; ratio engine value used for analytics)
PNB | 2023-03 | FINANCIALS_SECTOR_CARVEOUT | high_leverage_flag suppressed (structurally normal for banks/NBFCs/insurance) | category=data source issue
PNB | 2023-03 | ROCE_ANOMALY | computed=19.40% source=1.63% diff=17.77pp | category=version difference
PNB | 2023-03 | ROE_ANOMALY | computed=30.67% source=8.70% diff=21.97pp | category=data source issue (source value likely stale/mis-scaled; ratio engine value used for analytics)
PNB | 2024-03 | FINANCIALS_SECTOR_CARVEOUT | high_leverage_flag suppressed (structurally normal for banks/NBFCs/insurance) | category=data source issue
PNB | 2024-03 | ROCE_ANOMALY | computed=20.24% source=1.63% diff=18.61pp | category=version difference
PNB | 2024-03 | ROE_ANOMALY | computed=61.32% source=8.70% diff=52.62pp | category=data source issue (source value likely stale/mis-scaled; ratio engine value used for analytics)
POWERGRID | 2014-03 | ROE_ANOMALY | computed=13.11% source=19.00% diff=5.89pp | category=data source issue (source value likely stale/mis-scaled; ratio engine value used for analytics)
POWERGRID | 2015-03 | ROE_ANOMALY | computed=13.13% source=19.00% diff=5.87pp | category=data source issue (source value likely stale/mis-scaled; ratio engine value used for analytics)
POWERGRID | 2016-03 | ROE_ANOMALY | computed=13.55% source=19.00% diff=5.45pp | category=data source issue (source value likely stale/mis-scaled; ratio engine value used for analytics)
POWERGRID | 2022-03 | ROCE_ANOMALY | computed=19.21% source=13.20% diff=6.01pp | category=version difference
POWERGRID | 2023-03 | ROCE_ANOMALY | computed=19.22% source=13.20% diff=6.02pp | category=version difference
POWERGRID | 2024-03 | ROCE_ANOMALY | computed=19.17% source=13.20% diff=5.97pp | category=version difference
RECLTD | 2013-03 | FINANCIALS_SECTOR_CARVEOUT | high_leverage_flag suppressed (structurally normal for banks/NBFCs/insurance) | category=data source issue
RECLTD | 2014-03 | FINANCIALS_SECTOR_CARVEOUT | high_leverage_flag suppressed (structurally normal for banks/NBFCs/insurance) | category=data source issue
RECLTD | 2015-03 | FINANCIALS_SECTOR_CARVEOUT | high_leverage_flag suppressed (structurally normal for banks/NBFCs/insurance) | category=data source issue
RECLTD | 2016-03 | FINANCIALS_SECTOR_CARVEOUT | high_leverage_flag suppressed (structurally normal for banks/NBFCs/insurance) | category=data source issue
RECLTD | 2017-03 | FINANCIALS_SECTOR_CARVEOUT | high_leverage_flag suppressed (structurally normal for banks/NBFCs/insurance) | category=data source issue
RECLTD | 2018-03 | FINANCIALS_SECTOR_CARVEOUT | high_leverage_flag suppressed (structurally normal for banks/NBFCs/insurance) | category=data source issue
RECLTD | 2018-03 | ROE_ANOMALY | computed=13.66% source=22.20% diff=8.54pp | category=data source issue (source value likely stale/mis-scaled; ratio engine value used for analytics)
RECLTD | 2019-03 | FINANCIALS_SECTOR_CARVEOUT | high_leverage_flag suppressed (structurally normal for banks/NBFCs/insurance) | category=data source issue
RECLTD | 2019-03 | ROE_ANOMALY | computed=16.62% source=22.20% diff=5.58pp | category=data source issue (source value likely stale/mis-scaled; ratio engine value used for analytics)
RECLTD | 2020-03 | FINANCIALS_SECTOR_CARVEOUT | high_leverage_flag suppressed (structurally normal for banks/NBFCs/insurance) | category=data source issue
RECLTD | 2020-03 | ROE_ANOMALY | computed=14.05% source=22.20% diff=8.15pp | category=data source issue (source value likely stale/mis-scaled; ratio engine value used for analytics)
RECLTD | 2021-03 | FINANCIALS_SECTOR_CARVEOUT | high_leverage_flag suppressed (structurally normal for banks/NBFCs/insurance) | category=data source issue
RECLTD | 2022-03 | FINANCIALS_SECTOR_CARVEOUT | high_leverage_flag suppressed (structurally normal for banks/NBFCs/insurance) | category=data source issue
RECLTD | 2023-03 | FINANCIALS_SECTOR_CARVEOUT | high_leverage_flag suppressed (structurally normal for banks/NBFCs/insurance) | category=data source issue
RECLTD | 2024-03 | FINANCIALS_SECTOR_CARVEOUT | high_leverage_flag suppressed (structurally normal for banks/NBFCs/insurance) | category=data source issue
SBILIFE | 2013-03 | FINANCIALS_SECTOR_CARVEOUT | high_leverage_flag suppressed (structurally normal for banks/NBFCs/insurance) | category=data source issue
SBILIFE | 2013-03 | ROCE_ANOMALY | computed=26.28% source=13.20% diff=13.08pp | category=version difference
SBILIFE | 2013-03 | ROE_ANOMALY | computed=23.03% source=12.00% diff=11.03pp | category=data source issue (source value likely stale/mis-scaled; ratio engine value used for analytics)
SBILIFE | 2014-03 | FINANCIALS_SECTOR_CARVEOUT | high_leverage_flag suppressed (structurally normal for banks/NBFCs/insurance) | category=data source issue
SBILIFE | 2014-03 | ROCE_ANOMALY | computed=25.48% source=13.20% diff=12.28pp | category=version difference
SBILIFE | 2014-03 | ROE_ANOMALY | computed=21.69% source=12.00% diff=9.69pp | category=data source issue (source value likely stale/mis-scaled; ratio engine value used for analytics)
SBILIFE | 2015-03 | FINANCIALS_SECTOR_CARVEOUT | high_leverage_flag suppressed (structurally normal for banks/NBFCs/insurance) | category=data source issue
SBILIFE | 2015-03 | ROCE_ANOMALY | computed=24.09% source=13.20% diff=10.89pp | category=version difference
SBILIFE | 2015-03 | ROE_ANOMALY | computed=20.09% source=12.00% diff=8.09pp | category=data source issue (source value likely stale/mis-scaled; ratio engine value used for analytics)
SBILIFE | 2016-03 | FINANCIALS_SECTOR_CARVEOUT | high_leverage_flag suppressed (structurally normal for banks/NBFCs/insurance) | category=data source issue
SBILIFE | 2016-03 | ROCE_ANOMALY | computed=22.16% source=13.20% diff=8.96pp | category=version difference
SBILIFE | 2016-03 | ROE_ANOMALY | computed=17.83% source=12.00% diff=5.83pp | category=data source issue (source value likely stale/mis-scaled; ratio engine value used for analytics)
SBILIFE | 2017-03 | FINANCIALS_SECTOR_CARVEOUT | high_leverage_flag suppressed (structurally normal for banks/NBFCs/insurance) | category=data source issue
SBILIFE | 2017-03 | ROCE_ANOMALY | computed=21.74% source=13.20% diff=8.54pp | category=version difference
SBILIFE | 2017-03 | ROE_ANOMALY | computed=17.20% source=12.00% diff=5.20pp | category=data source issue (source value likely stale/mis-scaled; ratio engine value used for analytics)
SBILIFE | 2018-03 | FINANCIALS_SECTOR_CARVEOUT | high_leverage_flag suppressed (structurally normal for banks/NBFCs/insurance) | category=data source issue
SBILIFE | 2018-03 | ROCE_ANOMALY | computed=22.79% source=13.20% diff=9.59pp | category=version difference
SBILIFE | 2018-03 | ROE_ANOMALY | computed=17.62% source=12.00% diff=5.62pp | category=data source issue (source value likely stale/mis-scaled; ratio engine value used for analytics)
SBILIFE | 2019-03 | FINANCIALS_SECTOR_CARVEOUT | high_leverage_flag suppressed (structurally normal for banks/NBFCs/insurance) | category=data source issue
SBILIFE | 2019-03 | ROCE_ANOMALY | computed=22.97% source=13.20% diff=9.77pp | category=version difference
SBILIFE | 2019-03 | ROE_ANOMALY | computed=17.52% source=12.00% diff=5.52pp | category=data source issue (source value likely stale/mis-scaled; ratio engine value used for analytics)
SBILIFE | 2020-03 | FINANCIALS_SECTOR_CARVEOUT | high_leverage_flag suppressed (structurally normal for banks/NBFCs/insurance) | category=data source issue
SBILIFE | 2020-03 | ROCE_ANOMALY | computed=21.50% source=13.20% diff=8.30pp | category=version difference
SBILIFE | 2021-03 | FINANCIALS_SECTOR_CARVEOUT | high_leverage_flag suppressed (structurally normal for banks/NBFCs/insurance) | category=data source issue
SBILIFE | 2022-03 | FINANCIALS_SECTOR_CARVEOUT | high_leverage_flag suppressed (structurally normal for banks/NBFCs/insurance) | category=data source issue
SBILIFE | 2023-03 | FINANCIALS_SECTOR_CARVEOUT | high_leverage_flag suppressed (structurally normal for banks/NBFCs/insurance) | category=data source issue
SBILIFE | 2024-03 | FINANCIALS_SECTOR_CARVEOUT | high_leverage_flag suppressed (structurally normal for banks/NBFCs/insurance) | category=data source issue
SBIN | 2013-03 | MISSING_BALANCE_SHEET_YEAR | P&L row exists but no matching Balance Sheet row for this period; company-year excluded from financial_ratios | category=data source issue
SBIN | 2014-03 | MISSING_BALANCE_SHEET_YEAR | P&L row exists but no matching Balance Sheet row for this period; company-year excluded from financial_ratios | category=data source issue
SBIN | 2015-03 | MISSING_BALANCE_SHEET_YEAR | P&L row exists but no matching Balance Sheet row for this period; company-year excluded from financial_ratios | category=data source issue
SBIN | 2016-03 | MISSING_BALANCE_SHEET_YEAR | P&L row exists but no matching Balance Sheet row for this period; company-year excluded from financial_ratios | category=data source issue
SBIN | 2017-03 | MISSING_BALANCE_SHEET_YEAR | P&L row exists but no matching Balance Sheet row for this period; company-year excluded from financial_ratios | category=data source issue
SBIN | 2018-03 | MISSING_BALANCE_SHEET_YEAR | P&L row exists but no matching Balance Sheet row for this period; company-year excluded from financial_ratios | category=data source issue
SBIN | 2019-03 | MISSING_BALANCE_SHEET_YEAR | P&L row exists but no matching Balance Sheet row for this period; company-year excluded from financial_ratios | category=data source issue
SBIN | 2020-03 | MISSING_BALANCE_SHEET_YEAR | P&L row exists but no matching Balance Sheet row for this period; company-year excluded from financial_ratios | category=data source issue
SBIN | 2021-03 | MISSING_BALANCE_SHEET_YEAR | P&L row exists but no matching Balance Sheet row for this period; company-year excluded from financial_ratios | category=data source issue
SBIN | 2022-03 | MISSING_BALANCE_SHEET_YEAR | P&L row exists but no matching Balance Sheet row for this period; company-year excluded from financial_ratios | category=data source issue
SBIN | 2023-03 | MISSING_BALANCE_SHEET_YEAR | P&L row exists but no matching Balance Sheet row for this period; company-year excluded from financial_ratios | category=data source issue
SBIN | 2024-03 | MISSING_BALANCE_SHEET_YEAR | P&L row exists but no matching Balance Sheet row for this period; company-year excluded from financial_ratios | category=data source issue
SHREECEM | 2013-06 | ROCE_ANOMALY | computed=34.06% source=14.80% diff=19.26pp | category=version difference
SHREECEM | 2013-06 | ROE_ANOMALY | computed=26.12% source=12.20% diff=13.92pp | category=data source issue (source value likely stale/mis-scaled; ratio engine value used for analytics)
SHREECEM | 2014-06 | ROCE_ANOMALY | computed=25.27% source=14.80% diff=10.47pp | category=version difference
SHREECEM | 2015-06 | ROCE_ANOMALY | computed=23.35% source=14.80% diff=8.55pp | category=version difference
SHREECEM | 2016-03 | ROCE_ANOMALY | computed=26.92% source=14.80% diff=12.12pp | category=version difference
SHREECEM | 2017-03 | ROCE_ANOMALY | computed=31.98% source=14.80% diff=17.18pp | category=version difference
SHREECEM | 2017-03 | ROE_ANOMALY | computed=17.39% source=12.20% diff=5.19pp | category=data source issue (source value likely stale/mis-scaled; ratio engine value used for analytics)
SHREECEM | 2018-03 | ROCE_ANOMALY | computed=23.27% source=14.80% diff=8.47pp | category=version difference
SHREECEM | 2019-03 | ROCE_ANOMALY | computed=22.98% source=14.80% diff=8.18pp | category=version difference
SHREECEM | 2020-03 | ROCE_ANOMALY | computed=24.73% source=14.80% diff=9.93pp | category=version difference
SHREECEM | 2021-03 | ROCE_ANOMALY | computed=25.63% source=14.80% diff=10.83pp | category=version difference
SHREECEM | 2022-03 | ROCE_ANOMALY | computed=21.72% source=14.80% diff=6.92pp | category=version difference
SHREECEM | 2024-03 | ROCE_ANOMALY | computed=22.88% source=14.80% diff=8.08pp | category=version difference
SHRIRAMFIN | 2013-03 | FINANCIALS_SECTOR_CARVEOUT | high_leverage_flag suppressed (structurally normal for banks/NBFCs/insurance) | category=data source issue
SHRIRAMFIN | 2013-03 | ROCE_ANOMALY | computed=5.37% source=11.30% diff=5.93pp | category=version difference
SHRIRAMFIN | 2014-03 | FINANCIALS_SECTOR_CARVEOUT | high_leverage_flag suppressed (structurally normal for banks/NBFCs/insurance) | category=data source issue
SHRIRAMFIN | 2014-03 | ROCE_ANOMALY | computed=4.25% source=11.30% diff=7.05pp | category=version difference
SHRIRAMFIN | 2015-03 | FINANCIALS_SECTOR_CARVEOUT | high_leverage_flag suppressed (structurally normal for banks/NBFCs/insurance) | category=data source issue
SHRIRAMFIN | 2015-03 | ROCE_ANOMALY | computed=3.03% source=11.30% diff=8.27pp | category=version difference
SHRIRAMFIN | 2016-03 | FINANCIALS_SECTOR_CARVEOUT | high_leverage_flag suppressed (structurally normal for banks/NBFCs/insurance) | category=data source issue
SHRIRAMFIN | 2016-03 | ROCE_ANOMALY | computed=3.05% source=11.30% diff=8.25pp | category=version difference
SHRIRAMFIN | 2017-03 | FINANCIALS_SECTOR_CARVEOUT | high_leverage_flag suppressed (structurally normal for banks/NBFCs/insurance) | category=data source issue
SHRIRAMFIN | 2017-03 | ROCE_ANOMALY | computed=3.06% source=11.30% diff=8.24pp | category=version difference
SHRIRAMFIN | 2018-03 | FINANCIALS_SECTOR_CARVEOUT | high_leverage_flag suppressed (structurally normal for banks/NBFCs/insurance) | category=data source issue
SHRIRAMFIN | 2018-03 | ROCE_ANOMALY | computed=4.10% source=11.30% diff=7.20pp | category=version difference
SHRIRAMFIN | 2019-03 | FINANCIALS_SECTOR_CARVEOUT | high_leverage_flag suppressed (structurally normal for banks/NBFCs/insurance) | category=data source issue
SHRIRAMFIN | 2019-03 | ROCE_ANOMALY | computed=3.68% source=11.30% diff=7.62pp | category=version difference
SHRIRAMFIN | 2020-03 | FINANCIALS_SECTOR_CARVEOUT | high_leverage_flag suppressed (structurally normal for banks/NBFCs/insurance) | category=data source issue
SHRIRAMFIN | 2020-03 | ROCE_ANOMALY | computed=3.17% source=11.30% diff=8.13pp | category=version difference
SHRIRAMFIN | 2021-03 | FINANCIALS_SECTOR_CARVEOUT | high_leverage_flag suppressed (structurally normal for banks/NBFCs/insurance) | category=data source issue
SHRIRAMFIN | 2021-03 | ROCE_ANOMALY | computed=2.66% source=11.30% diff=8.64pp | category=version difference
SHRIRAMFIN | 2022-03 | FINANCIALS_SECTOR_CARVEOUT | high_leverage_flag suppressed (structurally normal for banks/NBFCs/insurance) | category=data source issue
SHRIRAMFIN | 2022-03 | ROCE_ANOMALY | computed=2.61% source=11.30% diff=8.69pp | category=version difference
SHRIRAMFIN | 2022-03 | ROE_ANOMALY | computed=10.43% source=15.90% diff=5.47pp | category=data source issue (source value likely stale/mis-scaled; ratio engine value used for analytics)
SHRIRAMFIN | 2023-03 | FINANCIALS_SECTOR_CARVEOUT | high_leverage_flag suppressed (structurally normal for banks/NBFCs/insurance) | category=data source issue
SHRIRAMFIN | 2023-03 | ROCE_ANOMALY | computed=4.24% source=11.30% diff=7.06pp | category=version difference
SHRIRAMFIN | 2024-03 | FINANCIALS_SECTOR_CARVEOUT | high_leverage_flag suppressed (structurally normal for banks/NBFCs/insurance) | category=data source issue
SHRIRAMFIN | 2024-03 | ROCE_ANOMALY | computed=4.32% source=11.30% diff=6.98pp | category=version difference
SIEMENS | 2011-09 | ROCE_ANOMALY | computed=38.52% source=25.60% diff=12.92pp | category=version difference
SIEMENS | 2014-09 | ROE_ANOMALY | computed=13.78% source=19.10% diff=5.32pp | category=data source issue (source value likely stale/mis-scaled; ratio engine value used for analytics)
SIEMENS | 2015-09 | ROCE_ANOMALY | computed=37.75% source=25.60% diff=12.15pp | category=version difference
SIEMENS | 2016-09 | ROCE_ANOMALY | computed=61.17% source=25.60% diff=35.57pp | category=version difference
SIEMENS | 2016-09 | ROE_ANOMALY | computed=42.83% source=19.10% diff=23.73pp | category=data source issue (source value likely stale/mis-scaled; ratio engine value used for analytics)
SIEMENS | 2018-09 | ROCE_ANOMALY | computed=19.36% source=25.60% diff=6.24pp | category=version difference
SIEMENS | 2018-09 | ROE_ANOMALY | computed=10.86% source=19.10% diff=8.24pp | category=data source issue (source value likely stale/mis-scaled; ratio engine value used for analytics)
SIEMENS | 2019-09 | ROE_ANOMALY | computed=12.14% source=19.10% diff=6.96pp | category=data source issue (source value likely stale/mis-scaled; ratio engine value used for analytics)
SIEMENS | 2020-09 | ROCE_ANOMALY | computed=13.89% source=25.60% diff=11.71pp | category=version difference
SIEMENS | 2020-09 | ROE_ANOMALY | computed=8.10% source=19.10% diff=11.00pp | category=data source issue (source value likely stale/mis-scaled; ratio engine value used for analytics)
SIEMENS | 2021-09 | ROCE_ANOMALY | computed=17.13% source=25.60% diff=8.47pp | category=version difference
SIEMENS | 2021-09 | ROE_ANOMALY | computed=10.52% source=19.10% diff=8.58pp | category=data source issue (source value likely stale/mis-scaled; ratio engine value used for analytics)
SIEMENS | 2022-09 | ROCE_ANOMALY | computed=19.90% source=25.60% diff=5.70pp | category=version difference
SIEMENS | 2022-09 | ROE_ANOMALY | computed=13.29% source=19.10% diff=5.81pp | category=data source issue (source value likely stale/mis-scaled; ratio engine value used for analytics)
SUNPHARMA | 2013-03 | ROCE_ANOMALY | computed=30.78% source=17.30% diff=13.48pp | category=version difference
SUNPHARMA | 2013-03 | ROE_ANOMALY | computed=23.14% source=16.70% diff=6.44pp | category=data source issue (source value likely stale/mis-scaled; ratio engine value used for analytics)
SUNPHARMA | 2014-03 | ROCE_ANOMALY | computed=23.88% source=17.30% diff=6.58pp | category=version difference
SUNPHARMA | 2015-03 | ROCE_ANOMALY | computed=23.61% source=17.30% diff=6.31pp | category=version difference
SUNPHARMA | 2017-03 | ROCE_ANOMALY | computed=23.05% source=17.30% diff=5.75pp | category=version difference
SUNPHARMA | 2018-03 | ROCE_ANOMALY | computed=11.29% source=17.30% diff=6.01pp | category=version difference
SUNPHARMA | 2018-03 | ROE_ANOMALY | computed=6.63% source=16.70% diff=10.07pp | category=data source issue (source value likely stale/mis-scaled; ratio engine value used for analytics)
SUNPHARMA | 2019-03 | ROCE_ANOMALY | computed=11.78% source=17.30% diff=5.52pp | category=version difference
SUNPHARMA | 2019-03 | ROE_ANOMALY | computed=7.75% source=16.70% diff=8.95pp | category=data source issue (source value likely stale/mis-scaled; ratio engine value used for analytics)
SUNPHARMA | 2020-03 | ROE_ANOMALY | computed=9.22% source=16.70% diff=7.48pp | category=data source issue (source value likely stale/mis-scaled; ratio engine value used for analytics)
SUNPHARMA | 2021-03 | ROCE_ANOMALY | computed=9.98% source=17.30% diff=7.32pp | category=version difference
SUNPHARMA | 2021-03 | ROE_ANOMALY | computed=4.89% source=16.70% diff=11.81pp | category=data source issue (source value likely stale/mis-scaled; ratio engine value used for analytics)
SUNPHARMA | 2022-03 | ROE_ANOMALY | computed=7.06% source=16.70% diff=9.64pp | category=data source issue (source value likely stale/mis-scaled; ratio engine value used for analytics)
SUNPHARMA | 2024-03 | OPM_MISMATCH | computed=26.84% reported=28.00% | category=formula discrepancy
TATACONSUM | 2016-03 | ROCE_ANOMALY | computed=5.32% source=10.60% diff=5.28pp | category=version difference
TATACONSUM | 2016-03 | ROE_ANOMALY | computed=-0.59% source=8.32% diff=8.91pp | category=data source issue (source value likely stale/mis-scaled; ratio engine value used for analytics)
TATAMOTORS | 2013-03 | ROCE_ANOMALY | computed=27.16% source=20.10% diff=7.06pp | category=version difference
TATAMOTORS | 2013-03 | ROE_ANOMALY | computed=26.51% source=49.40% diff=22.89pp | category=data source issue (source value likely stale/mis-scaled; ratio engine value used for analytics)
TATAMOTORS | 2014-03 | ROCE_ANOMALY | computed=27.48% source=20.10% diff=7.38pp | category=version difference
TATAMOTORS | 2014-03 | ROE_ANOMALY | computed=21.42% source=49.40% diff=27.98pp | category=data source issue (source value likely stale/mis-scaled; ratio engine value used for analytics)
TATAMOTORS | 2015-03 | ROCE_ANOMALY | computed=30.76% source=20.10% diff=10.66pp | category=version difference
TATAMOTORS | 2015-03 | ROE_ANOMALY | computed=25.01% source=49.40% diff=24.39pp | category=data source issue (source value likely stale/mis-scaled; ratio engine value used for analytics)
TATAMOTORS | 2016-03 | ROE_ANOMALY | computed=14.79% source=49.40% diff=34.61pp | category=data source issue (source value likely stale/mis-scaled; ratio engine value used for analytics)
TATAMOTORS | 2017-03 | ROE_ANOMALY | computed=13.02% source=49.40% diff=36.38pp | category=data source issue (source value likely stale/mis-scaled; ratio engine value used for analytics)
TATAMOTORS | 2018-03 | ROE_ANOMALY | computed=9.53% source=49.40% diff=39.87pp | category=data source issue (source value likely stale/mis-scaled; ratio engine value used for analytics)
TATAMOTORS | 2019-03 | ROCE_ANOMALY | computed=-1.22% source=20.10% diff=21.32pp | category=version difference
TATAMOTORS | 2019-03 | ROE_ANOMALY | computed=-47.73% source=49.40% diff=97.13pp | category=data source issue (source value likely stale/mis-scaled; ratio engine value used for analytics)
TATAMOTORS | 2020-03 | ROCE_ANOMALY | computed=9.63% source=20.10% diff=10.47pp | category=version difference
TATAMOTORS | 2020-03 | ROE_ANOMALY | computed=-18.98% source=49.40% diff=68.38pp | category=data source issue (source value likely stale/mis-scaled; ratio engine value used for analytics)
TATAMOTORS | 2021-03 | ROCE_ANOMALY | computed=10.73% source=20.10% diff=9.37pp | category=version difference
TATAMOTORS | 2021-03 | ROE_ANOMALY | computed=-24.25% source=49.40% diff=73.65pp | category=data source issue (source value likely stale/mis-scaled; ratio engine value used for analytics)
TATAMOTORS | 2022-03 | ROCE_ANOMALY | computed=14.21% source=20.10% diff=5.89pp | category=version difference
TATAMOTORS | 2022-03 | ROE_ANOMALY | computed=-25.38% source=49.40% diff=74.78pp | category=data source issue (source value likely stale/mis-scaled; ratio engine value used for analytics)
TATAMOTORS | 2023-03 | ROE_ANOMALY | computed=5.94% source=49.40% diff=43.46pp | category=data source issue (source value likely stale/mis-scaled; ratio engine value used for analytics)
TATAMOTORS | 2024-03 | ROCE_ANOMALY | computed=33.93% source=20.10% diff=13.83pp | category=version difference
TATAMOTORS | 2024-03 | ROE_ANOMALY | computed=37.46% source=49.40% diff=11.94pp | category=data source issue (source value likely stale/mis-scaled; ratio engine value used for analytics)
TATAPOWER | 2013-03 | ROE_ANOMALY | computed=1.00% source=11.30% diff=10.30pp | category=data source issue (source value likely stale/mis-scaled; ratio engine value used for analytics)
TATAPOWER | 2014-03 | ROE_ANOMALY | computed=0.10% source=11.30% diff=11.20pp | category=data source issue (source value likely stale/mis-scaled; ratio engine value used for analytics)
TATAPOWER | 2015-03 | ROE_ANOMALY | computed=3.19% source=11.30% diff=8.11pp | category=data source issue (source value likely stale/mis-scaled; ratio engine value used for analytics)
TATAPOWER | 2023-03 | ROCE_ANOMALY | computed=16.24% source=11.10% diff=5.14pp | category=version difference
TATAPOWER | 2024-03 | ROCE_ANOMALY | computed=16.45% source=11.10% diff=5.35pp | category=version difference
TATASTEEL | 2013-03 | ROE_ANOMALY | computed=-21.28% source=6.55% diff=27.83pp | category=data source issue (source value likely stale/mis-scaled; ratio engine value used for analytics)
TATASTEEL | 2014-03 | ROCE_ANOMALY | computed=13.83% source=7.02% diff=6.81pp | category=version difference
TATASTEEL | 2015-03 | ROE_ANOMALY | computed=-12.56% source=6.55% diff=19.11pp | category=data source issue (source value likely stale/mis-scaled; ratio engine value used for analytics)
TATASTEEL | 2016-03 | ROE_ANOMALY | computed=-1.14% source=6.55% diff=7.69pp | category=data source issue (source value likely stale/mis-scaled; ratio engine value used for analytics)
TATASTEEL | 2017-03 | ROE_ANOMALY | computed=-11.02% source=6.55% diff=17.57pp | category=data source issue (source value likely stale/mis-scaled; ratio engine value used for analytics)
TATASTEEL | 2018-03 | ROCE_ANOMALY | computed=21.13% source=7.02% diff=14.11pp | category=version difference
TATASTEEL | 2018-03 | ROE_ANOMALY | computed=29.15% source=6.55% diff=22.60pp | category=data source issue (source value likely stale/mis-scaled; ratio engine value used for analytics)
TATASTEEL | 2019-03 | ROCE_ANOMALY | computed=18.17% source=7.02% diff=11.15pp | category=version difference
TATASTEEL | 2019-03 | ROE_ANOMALY | computed=13.23% source=6.55% diff=6.68pp | category=data source issue (source value likely stale/mis-scaled; ratio engine value used for analytics)
TATASTEEL | 2021-03 | ROCE_ANOMALY | computed=18.85% source=7.02% diff=11.83pp | category=version difference
TATASTEEL | 2022-03 | ROCE_ANOMALY | computed=34.10% source=7.02% diff=27.08pp | category=version difference
TATASTEEL | 2022-03 | ROE_ANOMALY | computed=36.48% source=6.55% diff=29.93pp | category=data source issue (source value likely stale/mis-scaled; ratio engine value used for analytics)
TATASTEEL | 2023-03 | ROCE_ANOMALY | computed=18.02% source=7.02% diff=11.00pp | category=version difference
TATASTEEL | 2024-03 | ROE_ANOMALY | computed=-5.33% source=6.55% diff=11.88pp | category=data source issue (source value likely stale/mis-scaled; ratio engine value used for analytics)
TCS | 2013-03 | ROCE_ANOMALY | computed=49.43% source=64.30% diff=14.87pp | category=version difference
TCS | 2013-03 | ROE_ANOMALY | computed=36.52% source=0.52% diff=36.00pp | category=data source issue (source value likely stale/mis-scaled; ratio engine value used for analytics)
TCS | 2014-03 | ROCE_ANOMALY | computed=54.13% source=64.30% diff=10.17pp | category=version difference
TCS | 2014-03 | ROE_ANOMALY | computed=39.30% source=0.52% diff=38.78pp | category=data source issue (source value likely stale/mis-scaled; ratio engine value used for analytics)
TCS | 2015-03 | ROCE_ANOMALY | computed=55.31% source=64.30% diff=8.99pp | category=version difference
TCS | 2015-03 | ROE_ANOMALY | computed=39.62% source=0.52% diff=39.10pp | category=data source issue (source value likely stale/mis-scaled; ratio engine value used for analytics)
TCS | 2016-03 | ROCE_ANOMALY | computed=47.34% source=64.30% diff=16.96pp | category=version difference
TCS | 2016-03 | ROE_ANOMALY | computed=34.24% source=0.52% diff=33.72pp | category=data source issue (source value likely stale/mis-scaled; ratio engine value used for analytics)
TCS | 2017-03 | ROCE_ANOMALY | computed=42.23% source=64.30% diff=22.07pp | category=version difference
TCS | 2017-03 | ROE_ANOMALY | computed=30.57% source=0.52% diff=30.05pp | category=data source issue (source value likely stale/mis-scaled; ratio engine value used for analytics)
TCS | 2018-03 | ROCE_ANOMALY | computed=42.35% source=64.30% diff=21.95pp | category=version difference
TCS | 2018-03 | ROE_ANOMALY | computed=30.40% source=0.52% diff=29.88pp | category=data source issue (source value likely stale/mis-scaled; ratio engine value used for analytics)
TCS | 2019-03 | ROCE_ANOMALY | computed=48.95% source=64.30% diff=15.35pp | category=version difference
TCS | 2019-03 | ROE_ANOMALY | computed=35.29% source=0.52% diff=34.77pp | category=data source issue (source value likely stale/mis-scaled; ratio engine value used for analytics)
TCS | 2020-03 | ROCE_ANOMALY | computed=50.60% source=64.30% diff=13.70pp | category=version difference
TCS | 2020-03 | ROE_ANOMALY | computed=38.57% source=0.52% diff=38.05pp | category=data source issue (source value likely stale/mis-scaled; ratio engine value used for analytics)
TCS | 2021-03 | ROCE_ANOMALY | computed=51.43% source=64.30% diff=12.87pp | category=version difference
TCS | 2021-03 | ROE_ANOMALY | computed=37.67% source=0.52% diff=37.15pp | category=data source issue (source value likely stale/mis-scaled; ratio engine value used for analytics)
TCS | 2022-03 | ROCE_ANOMALY | computed=58.87% source=64.30% diff=5.43pp | category=version difference
TCS | 2022-03 | ROE_ANOMALY | computed=43.13% source=0.52% diff=42.61pp | category=data source issue (source value likely stale/mis-scaled; ratio engine value used for analytics)
TCS | 2023-03 | ROE_ANOMALY | computed=46.78% source=0.52% diff=46.26pp | category=data source issue (source value likely stale/mis-scaled; ratio engine value used for analytics)
TCS | 2024-03 | ROE_ANOMALY | computed=50.94% source=0.52% diff=50.42pp | category=data source issue (source value likely stale/mis-scaled; ratio engine value used for analytics)
TECHM | 2013-03 | ROCE_ANOMALY | computed=18.82% source=11.90% diff=6.92pp | category=version difference
TECHM | 2013-03 | ROE_ANOMALY | computed=24.09% source=8.63% diff=15.46pp | category=data source issue (source value likely stale/mis-scaled; ratio engine value used for analytics)
TECHM | 2014-03 | ROCE_ANOMALY | computed=46.27% source=11.90% diff=34.37pp | category=version difference
TECHM | 2014-03 | ROE_ANOMALY | computed=33.35% source=8.63% diff=24.72pp | category=data source issue (source value likely stale/mis-scaled; ratio engine value used for analytics)
TECHM | 2015-03 | ROCE_ANOMALY | computed=33.20% source=11.90% diff=21.30pp | category=version difference
TECHM | 2015-03 | ROE_ANOMALY | computed=21.71% source=8.63% diff=13.08pp | category=data source issue (source value likely stale/mis-scaled; ratio engine value used for analytics)
TECHM | 2016-03 | ROCE_ANOMALY | computed=30.05% source=11.90% diff=18.15pp | category=version difference
TECHM | 2016-03 | ROE_ANOMALY | computed=20.75% source=8.63% diff=12.12pp | category=data source issue (source value likely stale/mis-scaled; ratio engine value used for analytics)
TECHM | 2017-03 | ROCE_ANOMALY | computed=27.85% source=11.90% diff=15.95pp | category=version difference
TECHM | 2017-03 | ROE_ANOMALY | computed=17.35% source=8.63% diff=8.72pp | category=data source issue (source value likely stale/mis-scaled; ratio engine value used for analytics)
TECHM | 2018-03 | ROCE_ANOMALY | computed=28.85% source=11.90% diff=16.95pp | category=version difference
TECHM | 2018-03 | ROE_ANOMALY | computed=20.09% source=8.63% diff=11.46pp | category=data source issue (source value likely stale/mis-scaled; ratio engine value used for analytics)
TECHM | 2019-03 | ROCE_ANOMALY | computed=30.54% source=11.90% diff=18.64pp | category=version difference
TECHM | 2019-03 | ROE_ANOMALY | computed=21.14% source=8.63% diff=12.51pp | category=data source issue (source value likely stale/mis-scaled; ratio engine value used for analytics)
TECHM | 2020-03 | ROCE_ANOMALY | computed=26.27% source=11.90% diff=14.37pp | category=version difference
TECHM | 2020-03 | ROE_ANOMALY | computed=17.87% source=8.63% diff=9.24pp | category=data source issue (source value likely stale/mis-scaled; ratio engine value used for analytics)
TECHM | 2021-03 | ROCE_ANOMALY | computed=27.31% source=11.90% diff=15.41pp | category=version difference
TECHM | 2021-03 | ROE_ANOMALY | computed=17.51% source=8.63% diff=8.88pp | category=data source issue (source value likely stale/mis-scaled; ratio engine value used for analytics)
TECHM | 2022-03 | ROCE_ANOMALY | computed=30.96% source=11.90% diff=19.06pp | category=version difference
TECHM | 2022-03 | ROE_ANOMALY | computed=20.94% source=8.63% diff=12.31pp | category=data source issue (source value likely stale/mis-scaled; ratio engine value used for analytics)
TECHM | 2023-03 | ROCE_ANOMALY | computed=28.46% source=11.90% diff=16.56pp | category=version difference
TECHM | 2023-03 | ROE_ANOMALY | computed=17.39% source=8.63% diff=8.76pp | category=data source issue (source value likely stale/mis-scaled; ratio engine value used for analytics)
TECHM | 2024-03 | ROCE_ANOMALY | computed=18.60% source=11.90% diff=6.70pp | category=version difference
TITAN | 2013-03 | ROCE_ANOMALY | computed=56.50% source=22.70% diff=33.80pp | category=version difference
TITAN | 2014-03 | ROCE_ANOMALY | computed=34.95% source=22.70% diff=12.25pp | category=version difference
TITAN | 2015-03 | ROCE_ANOMALY | computed=38.32% source=22.70% diff=15.62pp | category=version difference
TITAN | 2015-03 | ROE_ANOMALY | computed=26.46% source=32.90% diff=6.44pp | category=data source issue (source value likely stale/mis-scaled; ratio engine value used for analytics)
TITAN | 2016-03 | ROCE_ANOMALY | computed=27.85% source=22.70% diff=5.15pp | category=version difference
TITAN | 2016-03 | ROE_ANOMALY | computed=19.25% source=32.90% diff=13.65pp | category=data source issue (source value likely stale/mis-scaled; ratio engine value used for analytics)
TITAN | 2017-03 | ROE_ANOMALY | computed=16.47% source=32.90% diff=16.43pp | category=data source issue (source value likely stale/mis-scaled; ratio engine value used for analytics)
TITAN | 2018-03 | ROE_ANOMALY | computed=21.65% source=32.90% diff=11.25pp | category=data source issue (source value likely stale/mis-scaled; ratio engine value used for analytics)
TITAN | 2019-03 | ROE_ANOMALY | computed=22.88% source=32.90% diff=10.02pp | category=data source issue (source value likely stale/mis-scaled; ratio engine value used for analytics)
TITAN | 2020-03 | ROE_ANOMALY | computed=22.39% source=32.90% diff=10.51pp | category=data source issue (source value likely stale/mis-scaled; ratio engine value used for analytics)
TITAN | 2021-03 | ROCE_ANOMALY | computed=14.50% source=22.70% diff=8.20pp | category=version difference
TITAN | 2021-03 | ROE_ANOMALY | computed=12.99% source=32.90% diff=19.91pp | category=data source issue (source value likely stale/mis-scaled; ratio engine value used for analytics)
TITAN | 2022-03 | ROE_ANOMALY | computed=23.63% source=32.90% diff=9.27pp | category=data source issue (source value likely stale/mis-scaled; ratio engine value used for analytics)
TITAN | 2023-03 | ROE_ANOMALY | computed=27.63% source=32.90% diff=5.27pp | category=data source issue (source value likely stale/mis-scaled; ratio engine value used for analytics)
TORNTPHARM | 2013-03 | ROCE_ANOMALY | computed=33.00% source=23.20% diff=9.80pp | category=version difference
TORNTPHARM | 2013-03 | ROE_ANOMALY | computed=30.59% source=24.20% diff=6.39pp | category=data source issue (source value likely stale/mis-scaled; ratio engine value used for analytics)
TORNTPHARM | 2014-03 | ROCE_ANOMALY | computed=32.59% source=23.20% diff=9.39pp | category=version difference
TORNTPHARM | 2014-03 | ROE_ANOMALY | computed=34.89% source=24.20% diff=10.69pp | category=data source issue (source value likely stale/mis-scaled; ratio engine value used for analytics)
TORNTPHARM | 2015-03 | ROE_ANOMALY | computed=30.15% source=24.20% diff=5.95pp | category=data source issue (source value likely stale/mis-scaled; ratio engine value used for analytics)
TORNTPHARM | 2016-03 | ROCE_ANOMALY | computed=47.30% source=23.20% diff=24.10pp | category=version difference
TORNTPHARM | 2016-03 | ROE_ANOMALY | computed=49.60% source=24.20% diff=25.40pp | category=data source issue (source value likely stale/mis-scaled; ratio engine value used for analytics)
TORNTPHARM | 2018-03 | ROCE_ANOMALY | computed=14.87% source=23.20% diff=8.33pp | category=version difference
TORNTPHARM | 2018-03 | ROE_ANOMALY | computed=14.67% source=24.20% diff=9.53pp | category=data source issue (source value likely stale/mis-scaled; ratio engine value used for analytics)
TORNTPHARM | 2019-03 | ROCE_ANOMALY | computed=15.64% source=23.20% diff=7.56pp | category=version difference
TORNTPHARM | 2019-03 | ROE_ANOMALY | computed=9.23% source=24.20% diff=14.97pp | category=data source issue (source value likely stale/mis-scaled; ratio engine value used for analytics)
TORNTPHARM | 2022-03 | ROE_ANOMALY | computed=13.05% source=24.20% diff=11.15pp | category=data source issue (source value likely stale/mis-scaled; ratio engine value used for analytics)
TORNTPHARM | 2024-03 | ROCE_ANOMALY | computed=32.30% source=23.20% diff=9.10pp | category=version difference
TRENT | 2013-03 | ROCE_ANOMALY | computed=4.00% source=23.80% diff=19.80pp | category=version difference
TRENT | 2013-03 | ROE_ANOMALY | computed=-2.19% source=27.20% diff=29.39pp | category=data source issue (source value likely stale/mis-scaled; ratio engine value used for analytics)
TRENT | 2014-03 | ROCE_ANOMALY | computed=6.12% source=23.80% diff=17.68pp | category=version difference
TRENT | 2014-03 | ROE_ANOMALY | computed=-1.92% source=27.20% diff=29.12pp | category=data source issue (source value likely stale/mis-scaled; ratio engine value used for analytics)
TRENT | 2015-03 | ROCE_ANOMALY | computed=17.53% source=23.80% diff=6.27pp | category=version difference
TRENT | 2015-03 | ROE_ANOMALY | computed=9.07% source=27.20% diff=18.13pp | category=data source issue (source value likely stale/mis-scaled; ratio engine value used for analytics)
TRENT | 2016-03 | ROCE_ANOMALY | computed=9.44% source=23.80% diff=14.36pp | category=version difference
TRENT | 2016-03 | ROE_ANOMALY | computed=3.76% source=27.20% diff=23.44pp | category=data source issue (source value likely stale/mis-scaled; ratio engine value used for analytics)
TRENT | 2017-03 | ROCE_ANOMALY | computed=11.09% source=23.80% diff=12.71pp | category=version difference
TRENT | 2017-03 | ROE_ANOMALY | computed=5.49% source=27.20% diff=21.71pp | category=data source issue (source value likely stale/mis-scaled; ratio engine value used for analytics)
TRENT | 2018-03 | ROCE_ANOMALY | computed=11.83% source=23.80% diff=11.97pp | category=version difference
TRENT | 2018-03 | ROE_ANOMALY | computed=5.45% source=27.20% diff=21.75pp | category=data source issue (source value likely stale/mis-scaled; ratio engine value used for analytics)
TRENT | 2019-03 | ROCE_ANOMALY | computed=12.66% source=23.80% diff=11.14pp | category=version difference
TRENT | 2019-03 | ROE_ANOMALY | computed=5.77% source=27.20% diff=21.43pp | category=data source issue (source value likely stale/mis-scaled; ratio engine value used for analytics)
TRENT | 2020-03 | ROE_ANOMALY | computed=4.44% source=27.20% diff=22.76pp | category=data source issue (source value likely stale/mis-scaled; ratio engine value used for analytics)
TRENT | 2021-03 | ROCE_ANOMALY | computed=11.98% source=23.80% diff=11.82pp | category=version difference
TRENT | 2021-03 | ROE_ANOMALY | computed=-7.83% source=27.20% diff=35.03pp | category=data source issue (source value likely stale/mis-scaled; ratio engine value used for analytics)
TRENT | 2022-03 | ROCE_ANOMALY | computed=10.54% source=23.80% diff=13.26pp | category=version difference
TRENT | 2022-03 | ROE_ANOMALY | computed=1.48% source=27.20% diff=25.72pp | category=data source issue (source value likely stale/mis-scaled; ratio engine value used for analytics)
TRENT | 2023-03 | ROE_ANOMALY | computed=15.18% source=27.20% diff=12.02pp | category=data source issue (source value likely stale/mis-scaled; ratio engine value used for analytics)
TRENT | 2024-03 | ROCE_ANOMALY | computed=50.85% source=23.80% diff=27.05pp | category=version difference
TRENT | 2024-03 | ROE_ANOMALY | computed=36.31% source=27.20% diff=9.11pp | category=data source issue (source value likely stale/mis-scaled; ratio engine value used for analytics)
UNITDSPR | 2013-03 | MISSING_BALANCE_SHEET_YEAR | P&L row exists but no matching Balance Sheet row for this period; company-year excluded from financial_ratios | category=data source issue
UNITDSPR | 2014-03 | MISSING_BALANCE_SHEET_YEAR | P&L row exists but no matching Balance Sheet row for this period; company-year excluded from financial_ratios | category=data source issue
UNITDSPR | 2015-03 | MISSING_BALANCE_SHEET_YEAR | P&L row exists but no matching Balance Sheet row for this period; company-year excluded from financial_ratios | category=data source issue
UNITDSPR | 2016-03 | MISSING_BALANCE_SHEET_YEAR | P&L row exists but no matching Balance Sheet row for this period; company-year excluded from financial_ratios | category=data source issue
UNITDSPR | 2017-03 | MISSING_BALANCE_SHEET_YEAR | P&L row exists but no matching Balance Sheet row for this period; company-year excluded from financial_ratios | category=data source issue
UNITDSPR | 2018-03 | MISSING_BALANCE_SHEET_YEAR | P&L row exists but no matching Balance Sheet row for this period; company-year excluded from financial_ratios | category=data source issue
UNITDSPR | 2019-03 | MISSING_BALANCE_SHEET_YEAR | P&L row exists but no matching Balance Sheet row for this period; company-year excluded from financial_ratios | category=data source issue
UNITDSPR | 2020-03 | MISSING_BALANCE_SHEET_YEAR | P&L row exists but no matching Balance Sheet row for this period; company-year excluded from financial_ratios | category=data source issue
UNITDSPR | 2021-03 | MISSING_BALANCE_SHEET_YEAR | P&L row exists but no matching Balance Sheet row for this period; company-year excluded from financial_ratios | category=data source issue
UNITDSPR | 2022-03 | MISSING_BALANCE_SHEET_YEAR | P&L row exists but no matching Balance Sheet row for this period; company-year excluded from financial_ratios | category=data source issue
UNITDSPR | 2023-03 | MISSING_BALANCE_SHEET_YEAR | P&L row exists but no matching Balance Sheet row for this period; company-year excluded from financial_ratios | category=data source issue
UNITDSPR | 2024-03 | MISSING_BALANCE_SHEET_YEAR | P&L row exists but no matching Balance Sheet row for this period; company-year excluded from financial_ratios | category=data source issue
VBL | 2012-12 | MISSING_BALANCE_SHEET_YEAR | P&L row exists but no matching Balance Sheet row for this period; company-year excluded from financial_ratios | category=data source issue
VBL | 2013-12 | MISSING_BALANCE_SHEET_YEAR | P&L row exists but no matching Balance Sheet row for this period; company-year excluded from financial_ratios | category=data source issue
VBL | 2014-12 | MISSING_BALANCE_SHEET_YEAR | P&L row exists but no matching Balance Sheet row for this period; company-year excluded from financial_ratios | category=data source issue
VBL | 2015-12 | MISSING_BALANCE_SHEET_YEAR | P&L row exists but no matching Balance Sheet row for this period; company-year excluded from financial_ratios | category=data source issue
VBL | 2016-12 | MISSING_BALANCE_SHEET_YEAR | P&L row exists but no matching Balance Sheet row for this period; company-year excluded from financial_ratios | category=data source issue
VBL | 2017-12 | MISSING_BALANCE_SHEET_YEAR | P&L row exists but no matching Balance Sheet row for this period; company-year excluded from financial_ratios | category=data source issue
VBL | 2018-12 | MISSING_BALANCE_SHEET_YEAR | P&L row exists but no matching Balance Sheet row for this period; company-year excluded from financial_ratios | category=data source issue
VBL | 2019-12 | MISSING_BALANCE_SHEET_YEAR | P&L row exists but no matching Balance Sheet row for this period; company-year excluded from financial_ratios | category=data source issue
VBL | 2020-12 | MISSING_BALANCE_SHEET_YEAR | P&L row exists but no matching Balance Sheet row for this period; company-year excluded from financial_ratios | category=data source issue
VBL | 2021-12 | MISSING_BALANCE_SHEET_YEAR | P&L row exists but no matching Balance Sheet row for this period; company-year excluded from financial_ratios | category=data source issue
VBL | 2022-12 | MISSING_BALANCE_SHEET_YEAR | P&L row exists but no matching Balance Sheet row for this period; company-year excluded from financial_ratios | category=data source issue
VBL | 2023-12 | MISSING_BALANCE_SHEET_YEAR | P&L row exists but no matching Balance Sheet row for this period; company-year excluded from financial_ratios | category=data source issue
VEDL | 2013-03 | MISSING_BALANCE_SHEET_YEAR | P&L row exists but no matching Balance Sheet row for this period; company-year excluded from financial_ratios | category=data source issue
VEDL | 2014-03 | MISSING_BALANCE_SHEET_YEAR | P&L row exists but no matching Balance Sheet row for this period; company-year excluded from financial_ratios | category=data source issue
VEDL | 2015-03 | MISSING_BALANCE_SHEET_YEAR | P&L row exists but no matching Balance Sheet row for this period; company-year excluded from financial_ratios | category=data source issue
VEDL | 2016-03 | MISSING_BALANCE_SHEET_YEAR | P&L row exists but no matching Balance Sheet row for this period; company-year excluded from financial_ratios | category=data source issue
VEDL | 2017-03 | MISSING_BALANCE_SHEET_YEAR | P&L row exists but no matching Balance Sheet row for this period; company-year excluded from financial_ratios | category=data source issue
VEDL | 2018-03 | MISSING_BALANCE_SHEET_YEAR | P&L row exists but no matching Balance Sheet row for this period; company-year excluded from financial_ratios | category=data source issue
VEDL | 2019-03 | MISSING_BALANCE_SHEET_YEAR | P&L row exists but no matching Balance Sheet row for this period; company-year excluded from financial_ratios | category=data source issue
VEDL | 2020-03 | MISSING_BALANCE_SHEET_YEAR | P&L row exists but no matching Balance Sheet row for this period; company-year excluded from financial_ratios | category=data source issue
VEDL | 2021-03 | MISSING_BALANCE_SHEET_YEAR | P&L row exists but no matching Balance Sheet row for this period; company-year excluded from financial_ratios | category=data source issue
VEDL | 2022-03 | MISSING_BALANCE_SHEET_YEAR | P&L row exists but no matching Balance Sheet row for this period; company-year excluded from financial_ratios | category=data source issue
VEDL | 2023-03 | MISSING_BALANCE_SHEET_YEAR | P&L row exists but no matching Balance Sheet row for this period; company-year excluded from financial_ratios | category=data source issue
VEDL | 2024-03 | MISSING_BALANCE_SHEET_YEAR | P&L row exists but no matching Balance Sheet row for this period; company-year excluded from financial_ratios | category=data source issue
WIPRO | 2013-03 | MISSING_BALANCE_SHEET_YEAR | P&L row exists but no matching Balance Sheet row for this period; company-year excluded from financial_ratios | category=data source issue
WIPRO | 2014-03 | MISSING_BALANCE_SHEET_YEAR | P&L row exists but no matching Balance Sheet row for this period; company-year excluded from financial_ratios | category=data source issue
WIPRO | 2015-03 | MISSING_BALANCE_SHEET_YEAR | P&L row exists but no matching Balance Sheet row for this period; company-year excluded from financial_ratios | category=data source issue
WIPRO | 2016-03 | MISSING_BALANCE_SHEET_YEAR | P&L row exists but no matching Balance Sheet row for this period; company-year excluded from financial_ratios | category=data source issue
WIPRO | 2017-03 | MISSING_BALANCE_SHEET_YEAR | P&L row exists but no matching Balance Sheet row for this period; company-year excluded from financial_ratios | category=data source issue
WIPRO | 2018-03 | MISSING_BALANCE_SHEET_YEAR | P&L row exists but no matching Balance Sheet row for this period; company-year excluded from financial_ratios | category=data source issue
WIPRO | 2019-03 | MISSING_BALANCE_SHEET_YEAR | P&L row exists but no matching Balance Sheet row for this period; company-year excluded from financial_ratios | category=data source issue
WIPRO | 2020-03 | MISSING_BALANCE_SHEET_YEAR | P&L row exists but no matching Balance Sheet row for this period; company-year excluded from financial_ratios | category=data source issue
WIPRO | 2021-03 | MISSING_BALANCE_SHEET_YEAR | P&L row exists but no matching Balance Sheet row for this period; company-year excluded from financial_ratios | category=data source issue
WIPRO | 2022-03 | MISSING_BALANCE_SHEET_YEAR | P&L row exists but no matching Balance Sheet row for this period; company-year excluded from financial_ratios | category=data source issue
WIPRO | 2023-03 | MISSING_BALANCE_SHEET_YEAR | P&L row exists but no matching Balance Sheet row for this period; company-year excluded from financial_ratios | category=data source issue
WIPRO | 2024-03 | MISSING_BALANCE_SHEET_YEAR | P&L row exists but no matching Balance Sheet row for this period; company-year excluded from financial_ratios | category=data source issue
ZOMATO | 2018-03 | MISSING_BALANCE_SHEET_YEAR | P&L row exists but no matching Balance Sheet row for this period; company-year excluded from financial_ratios | category=data source issue
ZOMATO | 2019-03 | MISSING_BALANCE_SHEET_YEAR | P&L row exists but no matching Balance Sheet row for this period; company-year excluded from financial_ratios | category=data source issue
ZOMATO | 2020-03 | MISSING_BALANCE_SHEET_YEAR | P&L row exists but no matching Balance Sheet row for this period; company-year excluded from financial_ratios | category=data source issue
ZOMATO | 2021-03 | MISSING_BALANCE_SHEET_YEAR | P&L row exists but no matching Balance Sheet row for this period; company-year excluded from financial_ratios | category=data source issue
ZOMATO | 2022-03 | MISSING_BALANCE_SHEET_YEAR | P&L row exists but no matching Balance Sheet row for this period; company-year excluded from financial_ratios | category=data source issue
ZOMATO | 2023-03 | MISSING_BALANCE_SHEET_YEAR | P&L row exists but no matching Balance Sheet row for this period; company-year excluded from financial_ratios | category=data source issue
ZOMATO | 2024-03 | MISSING_BALANCE_SHEET_YEAR | P&L row exists but no matching Balance Sheet row for this period; company-year excluded from financial_ratios | category=data source issue
ZYDUSLIFE | 2013-03 | MISSING_BALANCE_SHEET_YEAR | P&L row exists but no matching Balance Sheet row for this period; company-year excluded from financial_ratios | category=data source issue
ZYDUSLIFE | 2014-03 | MISSING_BALANCE_SHEET_YEAR | P&L row exists but no matching Balance Sheet row for this period; company-year excluded from financial_ratios | category=data source issue
ZYDUSLIFE | 2015-03 | MISSING_BALANCE_SHEET_YEAR | P&L row exists but no matching Balance Sheet row for this period; company-year excluded from financial_ratios | category=data source issue
ZYDUSLIFE | 2016-03 | MISSING_BALANCE_SHEET_YEAR | P&L row exists but no matching Balance Sheet row for this period; company-year excluded from financial_ratios | category=data source issue
ZYDUSLIFE | 2017-03 | MISSING_BALANCE_SHEET_YEAR | P&L row exists but no matching Balance Sheet row for this period; company-year excluded from financial_ratios | category=data source issue
ZYDUSLIFE | 2018-03 | MISSING_BALANCE_SHEET_YEAR | P&L row exists but no matching Balance Sheet row for this period; company-year excluded from financial_ratios | category=data source issue
ZYDUSLIFE | 2019-03 | MISSING_BALANCE_SHEET_YEAR | P&L row exists but no matching Balance Sheet row for this period; company-year excluded from financial_ratios | category=data source issue
ZYDUSLIFE | 2020-03 | MISSING_BALANCE_SHEET_YEAR | P&L row exists but no matching Balance Sheet row for this period; company-year excluded from financial_ratios | category=data source issue
ZYDUSLIFE | 2021-03 | MISSING_BALANCE_SHEET_YEAR | P&L row exists but no matching Balance Sheet row for this period; company-year excluded from financial_ratios | category=data source issue
ZYDUSLIFE | 2022-03 | MISSING_BALANCE_SHEET_YEAR | P&L row exists but no matching Balance Sheet row for this period; company-year excluded from financial_ratios | category=data source issue
ZYDUSLIFE | 2023-03 | MISSING_BALANCE_SHEET_YEAR | P&L row exists but no matching Balance Sheet row for this period; company-year excluded from financial_ratios | category=data source issue
ZYDUSLIFE | 2024-03 | MISSING_BALANCE_SHEET_YEAR | P&L row exists but no matching Balance Sheet row for this period; company-year excluded from financial_ratios | category=data source issue
INDIGO | 2013-03 | OPM_MISMATCH | computed=90.71% reported=855.00% | category=formula discrepancy
INDIGO | 2013-03 | ROCE_ANOMALY | computed=54266.23% source=24.50% diff=54241.73pp | category=version difference
INDIGO | 2014-03 | OPM_MISMATCH | computed=96.11% reported=433.00% | category=formula discrepancy
INDIGO | 2014-03 | ROCE_ANOMALY | computed=58086.96% source=24.50% diff=58062.46pp | category=version difference
INDIGO | 2015-03 | OPM_MISMATCH | computed=86.33% reported=1904.00% | category=formula discrepancy
INDIGO | 2015-03 | ROCE_ANOMALY | computed=39592.11% source=24.50% diff=39567.61pp | category=version difference
INDIGO | 2016-03 | OPM_MISMATCH | computed=80.40% reported=3164.00% | category=formula discrepancy
INDIGO | 2016-03 | ROCE_ANOMALY | computed=9458.52% source=24.50% diff=9434.02pp | category=version difference
INDIGO | 2017-03 | OPM_MISMATCH | computed=88.06% reported=2219.00% | category=formula discrepancy
INDIGO | 2017-03 | ROCE_ANOMALY | computed=10916.00% source=24.50% diff=10891.50pp | category=version difference
INDIGO | 2018-03 | OPM_MISMATCH | computed=86.84% reported=3030.00% | category=formula discrepancy
INDIGO | 2018-03 | ROCE_ANOMALY | computed=12989.61% source=24.50% diff=12965.11pp | category=version difference
INDIGO | 2019-03 | OPM_MISMATCH | computed=100.53% reported=-151.00% | category=formula discrepancy
INDIGO | 2019-03 | ROCE_ANOMALY | computed=13201.38% source=24.50% diff=13176.88pp | category=version difference
INDIGO | 2020-03 | OPM_MISMATCH | computed=88.62% reported=4069.00% | category=formula discrepancy
INDIGO | 2020-03 | ROCE_ANOMALY | computed=12479.53% source=24.50% diff=12455.03pp | category=version difference
INDIGO | 2021-03 | OPM_MISMATCH | computed=99.98% reported=2.00% | category=formula discrepancy
INDIGO | 2021-03 | ROCE_ANOMALY | computed=2554.62% source=24.50% diff=2530.12pp | category=version difference
INDIGO | 2022-03 | OPM_MISMATCH | computed=97.85% reported=558.00% | category=formula discrepancy
INDIGO | 2022-03 | ROCE_ANOMALY | computed=3833.08% source=24.50% diff=3808.58pp | category=version difference
INDIGO | 2023-03 | OPM_MISMATCH | computed=88.02% reported=6521.00% | category=formula discrepancy
INDIGO | 2023-03 | ROCE_ANOMALY | computed=6075.79% source=24.50% diff=6051.29pp | category=version difference
INDIGO | 2024-03 | OPM_MISMATCH | computed=76.30% reported=16331.00% | category=formula discrepancy
INDIGO | 2024-03 | ROCE_ANOMALY | computed=5643.45% source=24.50% diff=5618.95pp | category=version difference
SUMMARY | 82 P&L company-year rows had no matching Balance Sheet row and were excluded from financial_ratios | category=data source issue
